#
# A fatal error has been detected by the Java Runtime Environment:
#
#  EXCEPTION_ACCESS_VIOLATION (0xc0000005) at pc=0x00007ffe0ae868b0, pid=12136, tid=25844
#
# JRE version: OpenJDK Runtime Environment (21.0.8) (build 21.0.8+-14196175-b1038.72)
# Java VM: OpenJDK 64-Bit Server VM (21.0.8+-14196175-b1038.72, mixed mode, tiered, compressed oops, compressed class ptrs, g1 gc, windows-amd64)
# Problematic frame:
# V  [jvm.dll+0x5b68b0]
#
# No core dump will be written. Minidumps are not enabled by default on client versions of Windows
#
# If you would like to submit a bug report, please visit:
#   https://youtrack.jetbrains.com/issues/JBR
#

---------------  S U M M A R Y ------------

Command Line: --add-opens=java.base/java.lang=ALL-UNNAMED --add-opens=java.base/java.lang.invoke=ALL-UNNAMED --add-opens=java.base/java.util=ALL-UNNAMED --add-opens=java.prefs/java.util.prefs=ALL-UNNAMED --add-exports=jdk.compiler/com.sun.tools.javac.api=ALL-UNNAMED --add-exports=jdk.compiler/com.sun.tools.javac.util=ALL-UNNAMED --add-opens=java.base/java.util=ALL-UNNAMED --add-opens=java.prefs/java.util.prefs=ALL-UNNAMED --add-opens=java.base/java.nio.charset=ALL-UNNAMED --add-opens=java.base/java.net=ALL-UNNAMED --add-opens=java.base/java.util.concurrent.atomic=ALL-UNNAMED --add-opens=java.xml/javax.xml.namespace=ALL-UNNAMED -Xmx2048m -Dfile.encoding=UTF-8 -Duser.country=US -Duser.language=en -Duser.variant -javaagent:C:\Users\L0YD\.gradle\wrapper\dists\gradle-8.13-bin\5xuhj0ry160q40clulazy9h7d\gradle-8.13\lib\agents\gradle-instrumentation-agent-8.13.jar org.gradle.launcher.daemon.bootstrap.GradleDaemon 8.13

Host: AMD Ryzen Threadripper 2920X 12-Core Processor , 24 cores, 31G,  Windows 10 , 64 bit Build 19041 (10.0.19041.5915)
Time: Sat Apr 18 03:33:22 2026 FLE Daylight Time elapsed time: 7261.666144 seconds (0d 2h 1m 1s)

---------------  T H R E A D  ---------------

Current thread (0x0000024d75890610):  WorkerThread "GC Thread#6"    [id=25844, stack(0x000000e196200000,0x000000e196300000) (1024K)]

Stack: [0x000000e196200000,0x000000e196300000],  sp=0x000000e1962ff6d0,  free space=1021k
Native frames: (J=compiled Java code, j=interpreted, Vv=VM code, C=native code)
V  [jvm.dll+0x5b68b0]
V  [jvm.dll+0x5b4435]
V  [jvm.dll+0x6e3936]
V  [jvm.dll+0x35bc82]
V  [jvm.dll+0x894454]
V  [jvm.dll+0x80eac8]
V  [jvm.dll+0x6d512d]
C  [ucrtbase.dll+0x21bb2]
C  [KERNEL32.DLL+0x17374]
C  [ntdll.dll+0x4cc91]


siginfo: EXCEPTION_ACCESS_VIOLATION (0xc0000005), reading address 0xffffffffffffffff


Registers:
RAX=0x0000024d75835220, RBX=0xff18ff18ff18ff18, RCX=0x0000000000000003, RDX=0x0000024d04a48201
RSP=0x000000e1962ff6d0, RBP=0x0000000000000020, RSI=0x0000000000000034, RDI=0x00000001011c6388
R8 =0x00000000000001fe, R9 =0x0000000000000007, R10=0x0000000000000000, R11=0x000000e1962ff6e0
R12=0x0000000000000001, R13=0x0000024d75835238, R14=0x0000000000000000, R15=0x00007ffe0b27f7b8
RIP=0x00007ffe0ae868b0, EFLAGS=0x0000000000010286

XMM[0]=0x0000000000000004 0xffffffffffffff00
XMM[1]=0x0000024d55937bf0 0x0000000000000000
XMM[2]=0x0000000000000000 0x0000000000000000
XMM[3]=0x0000000000000000 0x0000000000000000
XMM[4]=0x0000000000000000 0x0000000000000000
XMM[5]=0x0000000000000000 0x0000000000000000
XMM[6]=0x0000000000000000 0x0000000000000000
XMM[7]=0x0000000000000000 0x0000000000000000
XMM[8]=0x0000000000000000 0x0000000000000000
XMM[9]=0x0000000000000000 0x0000000000000000
XMM[10]=0x0000000000000000 0x0000000000000000
XMM[11]=0x0000000000000000 0x0000000000000000
XMM[12]=0x0000000000000000 0x0000000000000000
XMM[13]=0x0000000000000000 0x0000000000000000
XMM[14]=0x0000000000000000 0x0000000000000000
XMM[15]=0x0000000000000000 0x0000000000000000
  MXCSR=0x00001fa0


Register to memory mapping:

RAX=0x0000024d75835220 points into unknown readable memory: 0x0000024d75306df0 | f0 6d 30 75 4d 02 00 00
RBX=0xff18ff18ff18ff18 is an unknown value
RCX=0x0000000000000003 is an unknown value
RDX=0x0000024d04a48201 points into unknown readable memory: 1b 00 00 08 00 00 00
RSP=0x000000e1962ff6d0 points into unknown readable memory: 0x0000000000000000 | 00 00 00 00 00 00 00 00
RBP=0x0000000000000020 is an unknown value
RSI=0x0000000000000034 is an unknown value
RDI=0x00000001011c6388 is a pointer to class: 
com.google.common.collect.CollectCollectors$$Lambda/0x00000001011c6388 {0x00000001011c6390}
 - instance size:     2
 - klass size:        76
 - access:            final synchronized synthetic 
 - flags:             rewritten should_verify_class has_nonstatic_concrete_methods has_miranda_methods has_vanilla_constructor has_final_method has_resolved_methods 
 - state:             fully_initialized
 - name:              'com/google/common/collect/CollectCollectors$$Lambda+0x00000001011c6388'
 - super:             
[error occurred during error reporting (printing register info), id 0xc0000005, EXCEPTION_ACCESS_VIOLATION (0xc0000005) at pc=0x00007ffe0ac9a946]
R8 =0x00000000000001fe is an unknown value
R9 =0x0000000000000007 is an unknown value
R10=0x0 is null
R11=0x000000e1962ff6e0 points into unknown readable memory: 0x0000024d75192180 | 80 21 19 75 4d 02 00 00
R12=0x0000000000000001 is an unknown value
R13=0x0000024d75835238 points into unknown readable memory: 0x0000024d7577c150 | 50 c1 77 75 4d 02 00 00
R14=0x0 is null
R15=0x00007ffe0b27f7b8 jvm.dll

Top of Stack: (sp=0x000000e1962ff6d0)
0x000000e1962ff6d0:   0000000000000000 0000024d55937bf0
0x000000e1962ff6e0:   0000024d75192180 00007ffe0ae8430c
0x000000e1962ff6f0:   00007ffe0b27f7b8 0000000000000000
0x000000e1962ff700:   0000000000000000 0000000000000000
0x000000e1962ff710:   00000001011c6388 00007ffe0ae84435
0x000000e1962ff720:   00000001011c6388 000000e1962ff798
0x000000e1962ff730:   0000000000000000 0000024d5dacd590
0x000000e1962ff740:   00007ffe0b27f7b8 00000000000001fe
0x000000e1962ff750:   ffffffffffffff00 0000000000000004
0x000000e1962ff760:   000000000000012c 0000000000000000
0x000000e1962ff770:   0000000000000000 0000024d04a482b0
0x000000e1962ff780:   0000000000000000 0000024d5dadaa90
0x000000e1962ff790:   00000000000003d8 0000024d70d3b590
0x000000e1962ff7a0:   0000024d70d3b5a0 00007ffe0afb3936
0x000000e1962ff7b0:   000000e194cfe9c0 0000024d75192180
0x000000e1962ff7c0:   0000024d70d3b978 0000000000000034
0x000000e1962ff7d0:   0000000000000030 0000000000000034
0x000000e1962ff7e0:   000000000000000c 00007ffe0ac2bc82
0x000000e1962ff7f0:   000000e194cfe980 0000024d75890610
0x000000e1962ff800:   0000024d7577c150 000000000000000c
0x000000e1962ff810:   000000000000000c 00007ffe0b164454
0x000000e1962ff820:   0000024d57ccb768 0000024d75890610
0x000000e1962ff830:   0000024d7577c150 000000000000000c
0x000000e1962ff840:   0000000000000000 0000024d75890610
0x000000e1962ff850:   0000000000100000 0000000000000000
0x000000e1962ff860:   0000000000000000 00007ffe0b0deac8
0x000000e1962ff870:   0000024d75890610 00000000ffffffff
0x000000e1962ff880:   000000e1962ff000 000000e196200000
0x000000e1962ff890:   0000000000000004 0000000000001000
0x000000e1962ff8a0:   0000000400001000 0000000000020000
0x000000e1962ff8b0:   0000000000000000 00007ffe0b0df26a
0x000000e1962ff8c0:   0000024d75890610 0000000000000000 

Instructions: (pc=0x00007ffe0ae868b0)
0x00007ffe0ae867b0:   75 0d 48 8d 05 97 ac 37 00 48 83 c4 20 5e c3 83
0x00007ffe0ae867c0:   79 0c 06 0f 85 85 00 00 00 48 8b 81 18 01 00 00
0x00007ffe0ae867d0:   8b 88 b0 00 00 00 c1 e9 1a f6 c1 01 74 70 48 89
0x00007ffe0ae867e0:   5c 24 30 0f b7 5a 04 33 d2 48 89 7c 24 38 48 8d
0x00007ffe0ae867f0:   4b 01 e8 d9 64 17 00 48 8b 4e 18 44 8d 43 01 48
0x00007ffe0ae86800:   8b d0 48 8b f8 e8 96 95 21 00 48 85 db 74 2c 8b
0x00007ffe0ae86810:   cb 80 3c 39 2b 74 1d ff cb 48 ff c9 48 85 c9 7f
0x00007ffe0ae86820:   f0 48 8b 5c 24 30 48 8b c7 48 8b 7c 24 38 48 83
0x00007ffe0ae86830:   c4 20 5e c3 48 63 c3 c6 04 38 2e 48 8b 5c 24 30
0x00007ffe0ae86840:   48 8b c7 48 8b 7c 24 38 48 83 c4 20 5e c3 48 8b
0x00007ffe0ae86850:   ca 48 83 c4 20 5e e9 95 95 21 00 cc cc cc cc cc
0x00007ffe0ae86860:   48 89 5c 24 08 48 89 6c 24 10 48 89 74 24 18 57
0x00007ffe0ae86870:   41 54 41 55 41 56 41 57 48 83 ec 20 48 8b 99 80
0x00007ffe0ae86880:   00 00 00 44 0f b6 e2 48 85 db 0f 84 37 01 00 00
0x00007ffe0ae86890:   8b 0d f2 d3 63 00 65 48 8b 04 25 58 00 00 00 be
0x00007ffe0ae868a0:   34 00 00 00 bd 20 00 00 00 4c 8d 2c c8 0f 1f 00
0x00007ffe0ae868b0:   48 8b 8b 98 00 00 00 e8 44 bc c6 ff 84 c0 0f 85
0x00007ffe0ae868c0:   22 01 00 00 45 84 e4 0f 84 ea 00 00 00 48 8b 05
0x00007ffe0ae868d0:   4c 9d 5e 00 48 85 c0 0f 84 da 00 00 00 49 8b 7d
0x00007ffe0ae868e0:   00 8b c6 80 3c 38 00 75 05 e8 8e fd 2d 00 8b c5
0x00007ffe0ae868f0:   48 8b 0c 38 48 8b 05 25 9d 5e 00 48 8b b9 18 03
0x00007ffe0ae86900:   00 00 48 8b 77 10 48 8b 6f 18 4c 8b 77 20 4c 8b
0x00007ffe0ae86910:   7f 28 48 85 c0 74 6b 8b 43 0c 83 f8 04 7f 18 8b
0x00007ffe0ae86920:   83 b0 00 00 00 c1 e8 1a a8 01 74 30 48 8b 4b 18
0x00007ffe0ae86930:   e8 7b dc ff ff eb 3c 83 f8 06 75 20 48 8b 83 18
0x00007ffe0ae86940:   01 00 00 8b 88 b0 00 00 00 c1 e9 1a f6 c1 01 74
0x00007ffe0ae86950:   0b 48 8b 4b 18 e8 56 dc ff ff eb 17 48 8b 4b 18
0x00007ffe0ae86960:   48 85 c9 75 09 48 8d 05 e4 aa 37 00 eb 05 e8 7d
0x00007ffe0ae86970:   95 21 00 48 8b d0 48 8d 0d f3 8d 3f 00 e8 be a1
0x00007ffe0ae86980:   e0 ff 48 83 3e 00 74 13 49 8b d7 48 8b cf e8 7d
0x00007ffe0ae86990:   a5 b0 ff 48 8b ce e8 55 a5 b0 ff 48 39 6f 18 74
0x00007ffe0ae869a0:   0c 48 89 77 10 48 89 6f 18 4c 89 77 20 bd 20 00 


Stack slot to memory mapping:

stack at sp + 0 slots: 0x0 is null
stack at sp + 1 slots: 0x0000024d55937bf0 points into unknown readable memory: 0x0000000300000002 | 02 00 00 00 03 00 00 00
stack at sp + 2 slots: 0x0000024d75192180 points into unknown readable memory: 0x417369070001cd02 | 02 cd 01 00 07 69 73 41
stack at sp + 3 slots: 0x00007ffe0ae8430c jvm.dll
stack at sp + 4 slots: 0x00007ffe0b27f7b8 jvm.dll
stack at sp + 5 slots: 0x0 is null
stack at sp + 6 slots: 0x0 is null
stack at sp + 7 slots: 0x0 is null


---------------  P R O C E S S  ---------------

Threads class SMR info:
_java_thread_list=0x0000024d7a745b30, length=60, elements={
0x0000024d559557a0, 0x0000024d70c34b30, 0x0000024d70c386d0, 0x0000024d70c393f0,
0x0000024d70c3a330, 0x0000024d70c5de70, 0x0000024d70c668e0, 0x0000024d70c67340,
0x0000024d70c6eb70, 0x0000024d70c74290, 0x0000024d7522c700, 0x0000024d76d682f0,
0x0000024d76d36a90, 0x0000024d76d5bd90, 0x0000024d77289480, 0x0000024d7728a1a0,
0x0000024d772873b0, 0x0000024d79568230, 0x0000024d79567510, 0x0000024d79566e80,
0x0000024d795688c0, 0x0000024d795667f0, 0x0000024d788573b0, 0x0000024d7885c900,
0x0000024d7885cf90, 0x0000024d79af4ac0, 0x0000024d79af5150, 0x0000024d79af3080,
0x0000024d7ccd6100, 0x0000024d7e9f6ae0, 0x0000024d7e9f8bb0, 0x0000024d7e9f9240,
0x0000024d7e9f7170, 0x0000024d7d78cc80, 0x0000024d05769860, 0x0000024d0df72190,
0x0000024d0df72820, 0x0000024d0df72eb0, 0x0000024d7d7a21c0, 0x0000024d7d7a5640,
0x0000024d7d7a3570, 0x0000024d052d2de0, 0x0000024d7d7a4920, 0x0000024d7d7a2850,
0x0000024d7c8c85c0, 0x0000024d7c8c8c50, 0x0000024d7c8c92e0, 0x0000024d7c8c7f30,
0x0000024d05f07d00, 0x0000024d05f08390, 0x0000024d05f08a20, 0x0000024d05f07670,
0x0000024d05f090b0, 0x0000024d05f09740, 0x0000024d05f09dd0, 0x0000024d05f0a460,
0x0000024d05f06fe0, 0x0000024d793622f0, 0x0000024d79360220, 0x0000024d79362980
}

Java Threads: ( => current thread )
  0x0000024d559557a0 JavaThread "main"                              [_thread_blocked, id=26552, stack(0x000000e194500000,0x000000e194600000) (1024K)]
  0x0000024d70c34b30 JavaThread "Common-Cleaner"             daemon [_thread_blocked, id=6948, stack(0x000000e194d00000,0x000000e194e00000) (1024K)]
  0x0000024d70c386d0 JavaThread "Reference Handler"          daemon [_thread_blocked, id=12544, stack(0x000000e194e00000,0x000000e194f00000) (1024K)]
  0x0000024d70c393f0 JavaThread "Finalizer"                  daemon [_thread_blocked, id=22980, stack(0x000000e194f00000,0x000000e195000000) (1024K)]
  0x0000024d70c3a330 JavaThread "Signal Dispatcher"          daemon [_thread_blocked, id=3300, stack(0x000000e195000000,0x000000e195100000) (1024K)]
  0x0000024d70c5de70 JavaThread "Attach Listener"            daemon [_thread_blocked, id=15568, stack(0x000000e195100000,0x000000e195200000) (1024K)]
  0x0000024d70c668e0 JavaThread "Service Thread"             daemon [_thread_blocked, id=16300, stack(0x000000e195200000,0x000000e195300000) (1024K)]
  0x0000024d70c67340 JavaThread "Monitor Deflation Thread"   daemon [_thread_blocked, id=19152, stack(0x000000e195300000,0x000000e195400000) (1024K)]
  0x0000024d70c6eb70 JavaThread "C2 CompilerThread0"         daemon [_thread_blocked, id=5828, stack(0x000000e195400000,0x000000e195500000) (1024K)]
  0x0000024d70c74290 JavaThread "C1 CompilerThread0"         daemon [_thread_blocked, id=23252, stack(0x000000e195500000,0x000000e195600000) (1024K)]
  0x0000024d7522c700 JavaThread "Notification Thread"        daemon [_thread_blocked, id=4592, stack(0x000000e195800000,0x000000e195900000) (1024K)]
  0x0000024d76d682f0 JavaThread "Daemon health stats"               [_thread_blocked, id=19300, stack(0x000000e195c00000,0x000000e195d00000) (1024K)]
  0x0000024d76d36a90 JavaThread "Incoming local TCP Connector on port 56138"        [_thread_in_native, id=16644, stack(0x000000e196900000,0x000000e196a00000) (1024K)]
  0x0000024d76d5bd90 JavaThread "Daemon periodic checks"            [_thread_blocked, id=18460, stack(0x000000e196a00000,0x000000e196b00000) (1024K)]
  0x0000024d77289480 JavaThread "Cache worker for journal cache (C:\Users\L0YD\.gradle\caches\journal-1)"        [_thread_blocked, id=7728, stack(0x000000e197c00000,0x000000e197d00000) (1024K)]
  0x0000024d7728a1a0 JavaThread "File lock request listener"        [_thread_in_native, id=15716, stack(0x000000e197d00000,0x000000e197e00000) (1024K)]
  0x0000024d772873b0 JavaThread "Cache worker for file hash cache (C:\Users\L0YD\.gradle\caches\8.13\fileHashes)"        [_thread_blocked, id=19336, stack(0x000000e197e00000,0x000000e197f00000) (1024K)]
  0x0000024d79568230 JavaThread "File watcher server"        daemon [_thread_blocked, id=12124, stack(0x000000e194200000,0x000000e194300000) (1024K)]
  0x0000024d79567510 JavaThread "File watcher consumer"      daemon [_thread_blocked, id=3488, stack(0x000000e194300000,0x000000e194400000) (1024K)]
  0x0000024d79566e80 JavaThread "jar transforms"                    [_thread_blocked, id=20336, stack(0x000000e195700000,0x000000e195800000) (1024K)]
  0x0000024d795688c0 JavaThread "jar transforms Thread 2"           [_thread_blocked, id=20888, stack(0x000000e195900000,0x000000e195a00000) (1024K)]
  0x0000024d795667f0 JavaThread "Cache worker for file content cache (C:\Users\L0YD\.gradle\caches\8.13\fileContent)"        [_thread_blocked, id=16092, stack(0x000000e198400000,0x000000e198500000) (1024K)]
  0x0000024d788573b0 JavaThread "jar transforms Thread 3"           [_thread_blocked, id=13092, stack(0x000000e198500000,0x000000e198600000) (1024K)]
  0x0000024d7885c900 JavaThread "jar transforms Thread 4"           [_thread_blocked, id=23668, stack(0x000000e199100000,0x000000e199200000) (1024K)]
  0x0000024d7885cf90 JavaThread "jar transforms Thread 5"           [_thread_blocked, id=9256, stack(0x000000e195a00000,0x000000e195b00000) (1024K)]
  0x0000024d79af4ac0 JavaThread "jar transforms Thread 6"           [_thread_blocked, id=18448, stack(0x000000e199500000,0x000000e199600000) (1024K)]
  0x0000024d79af5150 JavaThread "jar transforms Thread 7"           [_thread_blocked, id=26328, stack(0x000000e199600000,0x000000e199700000) (1024K)]
  0x0000024d79af3080 JavaThread "jar transforms Thread 8"           [_thread_blocked, id=4644, stack(0x000000e199700000,0x000000e199800000) (1024K)]
  0x0000024d7ccd6100 JavaThread "Memory manager"                    [_thread_blocked, id=18600, stack(0x000000e199a00000,0x000000e199b00000) (1024K)]
  0x0000024d7e9f6ae0 JavaThread "RMI Scheduler(0)"           daemon [_thread_blocked, id=22100, stack(0x000000e1a0700000,0x000000e1a0800000) (1024K)]
  0x0000024d7e9f8bb0 JavaThread "RMI GC Daemon"              daemon [_thread_blocked, id=23468, stack(0x000000e1a1300000,0x000000e1a1400000) (1024K)]
  0x0000024d7e9f9240 JavaThread "RMI TCP Accept-0"           daemon [_thread_in_native, id=19916, stack(0x000000e1a1400000,0x000000e1a1500000) (1024K)]
  0x0000024d7e9f7170 JavaThread "RMI Reaper"                        [_thread_blocked, id=640, stack(0x000000e1a1500000,0x000000e1a1600000) (1024K)]
  0x0000024d7d78cc80 JavaThread "Cache worker for Java compile cache (C:\Users\L0YD\.gradle\caches\8.13\javaCompile)"        [_thread_blocked, id=29560, stack(0x000000e1a0e00000,0x000000e1a0f00000) (1024K)]
  0x0000024d05769860 JavaThread "Daemon Thread 19"                  [_thread_blocked, id=21844, stack(0x000000e194400000,0x000000e194500000) (1024K)]
  0x0000024d0df72190 JavaThread "Handler for socket connection from /127.0.0.1:56138 to /127.0.0.1:49703"        [_thread_in_native, id=25996, stack(0x000000e195600000,0x000000e195700000) (1024K)]
  0x0000024d0df72820 JavaThread "Cancel handler"                    [_thread_blocked, id=22488, stack(0x000000e195b00000,0x000000e195c00000) (1024K)]
  0x0000024d0df72eb0 JavaThread "Daemon worker Thread 19"           [_thread_blocked, id=28864, stack(0x000000e196800000,0x000000e196900000) (1024K)]
  0x0000024d7d7a21c0 JavaThread "Asynchronous log dispatcher for DefaultDaemonConnection: socket connection from /127.0.0.1:56138 to /127.0.0.1:49703"        [_thread_blocked, id=13876, stack(0x000000e196b00000,0x000000e196c00000) (1024K)]
  0x0000024d7d7a5640 JavaThread "Stdin handler"                     [_thread_blocked, id=23276, stack(0x000000e196c00000,0x000000e196d00000) (1024K)]
  0x0000024d7d7a3570 JavaThread "Daemon client event forwarder"        [_thread_blocked, id=3580, stack(0x000000e196d00000,0x000000e196e00000) (1024K)]
  0x0000024d052d2de0 JavaThread "C2 CompilerThread1"         daemon [_thread_blocked, id=14740, stack(0x000000e196e00000,0x000000e196f00000) (1024K)]
  0x0000024d7d7a4920 JavaThread "Cache worker for file hash cache (H:\Users\L0YD\AndroidStudioProjects\CODEREFACTORR\.gradle\8.13\fileHashes)"        [_thread_blocked, id=29940, stack(0x000000e196f00000,0x000000e197000000) (1024K)]
  0x0000024d7d7a2850 JavaThread "Cache worker for Build Output Cleanup Cache (H:\Users\L0YD\AndroidStudioProjects\CODEREFACTORR\.gradle\buildOutputCleanup)"        [_thread_blocked, id=29036, stack(0x000000e197000000,0x000000e197100000) (1024K)]
  0x0000024d7c8c85c0 JavaThread "jar transforms Thread 9"           [_thread_blocked, id=28216, stack(0x000000e197100000,0x000000e197200000) (1024K)]
  0x0000024d7c8c8c50 JavaThread "jar transforms Thread 10"          [_thread_blocked, id=28204, stack(0x000000e197f00000,0x000000e198000000) (1024K)]
  0x0000024d7c8c92e0 JavaThread "jar transforms Thread 11"          [_thread_blocked, id=28032, stack(0x000000e198000000,0x000000e198100000) (1024K)]
  0x0000024d7c8c7f30 JavaThread "jar transforms Thread 12"          [_thread_blocked, id=15296, stack(0x000000e198100000,0x000000e198200000) (1024K)]
  0x0000024d05f07d00 JavaThread "jar transforms Thread 13"          [_thread_blocked, id=5288, stack(0x000000e198200000,0x000000e198300000) (1024K)]
  0x0000024d05f08390 JavaThread "jar transforms Thread 14"          [_thread_blocked, id=26840, stack(0x000000e198300000,0x000000e198400000) (1024K)]
  0x0000024d05f08a20 JavaThread "jar transforms Thread 15"          [_thread_blocked, id=30084, stack(0x000000e198600000,0x000000e198700000) (1024K)]
  0x0000024d05f07670 JavaThread "jar transforms Thread 16"          [_thread_blocked, id=13884, stack(0x000000e198700000,0x000000e198800000) (1024K)]
  0x0000024d05f090b0 JavaThread "jar transforms Thread 17"          [_thread_blocked, id=29420, stack(0x000000e198800000,0x000000e198900000) (1024K)]
  0x0000024d05f09740 JavaThread "jar transforms Thread 18"          [_thread_blocked, id=26172, stack(0x000000e198900000,0x000000e198a00000) (1024K)]
  0x0000024d05f09dd0 JavaThread "jar transforms Thread 19"          [_thread_blocked, id=27484, stack(0x000000e198a00000,0x000000e198b00000) (1024K)]
  0x0000024d05f0a460 JavaThread "jar transforms Thread 20"          [_thread_blocked, id=27132, stack(0x000000e198b00000,0x000000e198c00000) (1024K)]
  0x0000024d05f06fe0 JavaThread "jar transforms Thread 21"          [_thread_blocked, id=28800, stack(0x000000e198c00000,0x000000e198d00000) (1024K)]
  0x0000024d793622f0 JavaThread "jar transforms Thread 22"          [_thread_blocked, id=29136, stack(0x000000e198d00000,0x000000e198e00000) (1024K)]
  0x0000024d79360220 JavaThread "jar transforms Thread 23"          [_thread_blocked, id=27804, stack(0x000000e198e00000,0x000000e198f00000) (1024K)]
  0x0000024d79362980 JavaThread "jar transforms Thread 24"          [_thread_blocked, id=29928, stack(0x000000e198f00000,0x000000e199000000) (1024K)]
Total: 60

Other Threads:
  0x0000024d70bb4140 VMThread "VM Thread"                           [id=9640, stack(0x000000e194c00000,0x000000e194d00000) (1024K)]
  0x0000024d70b52a30 WatcherThread "VM Periodic Task Thread"        [id=24764, stack(0x000000e194b00000,0x000000e194c00000) (1024K)]
  0x0000024d57d20a80 WorkerThread "GC Thread#0"                     [id=9388, stack(0x000000e194600000,0x000000e194700000) (1024K)]
  0x0000024d75480fa0 WorkerThread "GC Thread#1"                     [id=13164, stack(0x000000e195d00000,0x000000e195e00000) (1024K)]
  0x0000024d75835ce0 WorkerThread "GC Thread#2"                     [id=11544, stack(0x000000e195e00000,0x000000e195f00000) (1024K)]
  0x0000024d75836080 WorkerThread "GC Thread#3"                     [id=18360, stack(0x000000e195f00000,0x000000e196000000) (1024K)]
  0x0000024d758bd780 WorkerThread "GC Thread#4"                     [id=17628, stack(0x000000e196000000,0x000000e196100000) (1024K)]
  0x0000024d758bdb20 WorkerThread "GC Thread#5"                     [id=11268, stack(0x000000e196100000,0x000000e196200000) (1024K)]
=>0x0000024d75890610 WorkerThread "GC Thread#6"                     [id=25844, stack(0x000000e196200000,0x000000e196300000) (1024K)]
  0x0000024d758909b0 WorkerThread "GC Thread#7"                     [id=23692, stack(0x000000e196300000,0x000000e196400000) (1024K)]
  0x0000024d75890d50 WorkerThread "GC Thread#8"                     [id=25904, stack(0x000000e196400000,0x000000e196500000) (1024K)]
  0x0000024d758910f0 WorkerThread "GC Thread#9"                     [id=7960, stack(0x000000e196500000,0x000000e196600000) (1024K)]
  0x0000024d75891490 WorkerThread "GC Thread#10"                    [id=19924, stack(0x000000e196600000,0x000000e196700000) (1024K)]
  0x0000024d7577de20 WorkerThread "GC Thread#11"                    [id=3564, stack(0x000000e196700000,0x000000e196800000) (1024K)]
  0x0000024d75b611b0 WorkerThread "GC Thread#12"                    [id=18624, stack(0x000000e197200000,0x000000e197300000) (1024K)]
  0x0000024d75b61c90 WorkerThread "GC Thread#13"                    [id=22368, stack(0x000000e197300000,0x000000e197400000) (1024K)]
  0x0000024d75b60a70 WorkerThread "GC Thread#14"                    [id=26424, stack(0x000000e197400000,0x000000e197500000) (1024K)]
  0x0000024d75b62030 WorkerThread "GC Thread#15"                    [id=10348, stack(0x000000e197500000,0x000000e197600000) (1024K)]
  0x0000024d76d97f10 WorkerThread "GC Thread#16"                    [id=14156, stack(0x000000e197600000,0x000000e197700000) (1024K)]
  0x0000024d76d989f0 WorkerThread "GC Thread#17"                    [id=21492, stack(0x000000e197700000,0x000000e197800000) (1024K)]
  0x0000024d57d31ae0 ConcurrentGCThread "G1 Main Marker"            [id=16688, stack(0x000000e194700000,0x000000e194800000) (1024K)]
  0x0000024d57d324f0 WorkerThread "G1 Conc#0"                       [id=10124, stack(0x000000e194800000,0x000000e194900000) (1024K)]
  0x0000024d76d98650 WorkerThread "G1 Conc#1"                       [id=4624, stack(0x000000e197800000,0x000000e197900000) (1024K)]
  0x0000024d76d99fb0 WorkerThread "G1 Conc#2"                       [id=20732, stack(0x000000e197900000,0x000000e197a00000) (1024K)]
  0x0000024d76d9aa90 WorkerThread "G1 Conc#3"                       [id=7324, stack(0x000000e197a00000,0x000000e197b00000) (1024K)]
  0x0000024d76d97090 WorkerThread "G1 Conc#4"                       [id=14320, stack(0x000000e197b00000,0x000000e197c00000) (1024K)]
  0x0000024d6ff86050 ConcurrentGCThread "G1 Refine#0"               [id=6332, stack(0x000000e194900000,0x000000e194a00000) (1024K)]
  0x0000024d6ff86ad0 ConcurrentGCThread "G1 Service"                [id=20764, stack(0x000000e194a00000,0x000000e194b00000) (1024K)]
Total: 28

Threads with active compile tasks:
Total: 0

VM state: at safepoint (normal execution)

VM Mutex/Monitor currently owned by a thread:  ([mutex/lock_event])
[0x00007ffe0b4871b8] MultiArray_lock - owner thread: 0x0000024d75890610
[0x00007ffe0b4885b8] Threads_lock - owner thread: 0x0000024d70bb4140
[0x00007ffe0b4886b8] Heap_lock - owner thread: 0x0000024d57d31ae0
[0x00007ffe0b488838] ClassLoaderDataGraph_lock - owner thread: 0x0000024d75890610

Heap address: 0x0000000080000000, size: 2048 MB, Compressed Oops mode: 32-bit

CDS archive(s) not mapped
Compressed class space mapped at: 0x0000000100000000-0x0000000140000000, reserved size: 1073741824
Narrow klass base: 0x0000000000000000, Narrow klass shift: 3, Narrow klass range: 0x140000000

GC Precious Log:
 CardTable entry size: 512
 Card Set container configuration: InlinePtr #cards 5 size 8 Array Of Cards #cards 12 size 40 Howl #buckets 4 coarsen threshold 1843 Howl Bitmap #cards 512 size 80 coarsen threshold 460 Card regions per heap region 1 cards per card region 2048
 CPUs: 24 total, 24 available
 Memory: 32649M
 Large Page Support: Disabled
 NUMA Support: Disabled
 Compressed Oops: Enabled (32-bit)
 Heap Region Size: 1M
 Heap Min Capacity: 8M
 Heap Initial Capacity: 512M
 Heap Max Capacity: 2G
 Pre-touch: Disabled
 Parallel Workers: 18
 Concurrent Workers: 5
 Concurrent Refinement Workers: 18
 Periodic GC: Disabled

Heap:
 garbage-first heap   total 427008K, used 127153K [0x0000000080000000, 0x0000000100000000)
  region size 1024K, 3 young (3072K), 2 survivors (2048K)
 Metaspace       used 157191K, committed 160256K, reserved 1245184K
  class space    used 20755K, committed 22528K, reserved 1048576K

Heap Regions: E=young(eden), S=young(survivor), O=old, HS=humongous(starts), HC=humongous(continues), CS=collection set, F=free, TAMS=top-at-mark-start, PB=parsable bottom
|   0|0x0000000080000000, 0x0000000080100000, 0x0000000080100000|100%|HS|  |TAMS 0x0000000080100000| PB 0x0000000080000000| Untracked 
|   1|0x0000000080100000, 0x0000000080200000, 0x0000000080200000|100%|HC|  |TAMS 0x0000000080200000| PB 0x0000000080100000| Untracked 
|   2|0x0000000080200000, 0x0000000080300000, 0x0000000080300000|100%|HC|  |TAMS 0x0000000080300000| PB 0x0000000080200000| Untracked 
|   3|0x0000000080300000, 0x0000000080400000, 0x0000000080400000|100%| O|  |TAMS 0x0000000080400000| PB 0x0000000080300000| Untracked 
|   4|0x0000000080400000, 0x00000000804e9880, 0x0000000080500000| 91%| O|  |TAMS 0x00000000804e9880| PB 0x0000000080400000| Untracked 
|   5|0x0000000080500000, 0x00000000805ffff0, 0x0000000080600000| 99%| O|  |TAMS 0x00000000805ffff0| PB 0x0000000080500000| Untracked 
|   6|0x0000000080600000, 0x0000000080700000, 0x0000000080700000|100%|HS|  |TAMS 0x0000000080700000| PB 0x0000000080600000| Untracked 
|   7|0x0000000080700000, 0x0000000080800000, 0x0000000080800000|100%| O|  |TAMS 0x0000000080800000| PB 0x0000000080700000| Untracked 
|   8|0x0000000080800000, 0x0000000080900000, 0x0000000080900000|100%| O|  |TAMS 0x0000000080900000| PB 0x0000000080800000| Untracked 
|   9|0x0000000080900000, 0x0000000080a00000, 0x0000000080a00000|100%| O|  |TAMS 0x0000000080a00000| PB 0x0000000080900000| Untracked 
|  10|0x0000000080a00000, 0x0000000080afffe8, 0x0000000080b00000| 99%| O|  |TAMS 0x0000000080afffe8| PB 0x0000000080a00000| Untracked 
|  11|0x0000000080b00000, 0x0000000080bfffd8, 0x0000000080c00000| 99%| O|  |TAMS 0x0000000080bfffd8| PB 0x0000000080b00000| Untracked 
|  12|0x0000000080c00000, 0x0000000080d00000, 0x0000000080d00000|100%| O|  |TAMS 0x0000000080d00000| PB 0x0000000080c00000| Untracked 
|  13|0x0000000080d00000, 0x0000000080e00000, 0x0000000080e00000|100%| O|  |TAMS 0x0000000080e00000| PB 0x0000000080d00000| Untracked 
|  14|0x0000000080e00000, 0x0000000080effff0, 0x0000000080f00000| 99%| O|  |TAMS 0x0000000080effff0| PB 0x0000000080e00000| Untracked 
|  15|0x0000000080f00000, 0x0000000081000000, 0x0000000081000000|100%| O|  |TAMS 0x0000000081000000| PB 0x0000000080f00000| Untracked 
|  16|0x0000000081000000, 0x0000000081100000, 0x0000000081100000|100%| O|  |TAMS 0x0000000081100000| PB 0x0000000081000000| Untracked 
|  17|0x0000000081100000, 0x00000000811ffff0, 0x0000000081200000| 99%| O|  |TAMS 0x00000000811ffff0| PB 0x0000000081100000| Untracked 
|  18|0x0000000081200000, 0x0000000081300000, 0x0000000081300000|100%| O|  |TAMS 0x0000000081300000| PB 0x0000000081200000| Untracked 
|  19|0x0000000081300000, 0x00000000813ffa00, 0x0000000081400000| 99%| O|  |TAMS 0x00000000813ffa00| PB 0x0000000081300000| Untracked 
|  20|0x0000000081400000, 0x00000000814fffc8, 0x0000000081500000| 99%| O|  |TAMS 0x00000000814fffc8| PB 0x0000000081400000| Untracked 
|  21|0x0000000081500000, 0x00000000815fffc8, 0x0000000081600000| 99%| O|  |TAMS 0x00000000815fffc8| PB 0x0000000081500000| Untracked 
|  22|0x0000000081600000, 0x0000000081700000, 0x0000000081700000|100%| O|  |TAMS 0x0000000081700000| PB 0x0000000081600000| Untracked 
|  23|0x0000000081700000, 0x00000000817fffd0, 0x0000000081800000| 99%| O|  |TAMS 0x00000000817fffd0| PB 0x0000000081700000| Untracked 
|  24|0x0000000081800000, 0x00000000818ffff0, 0x0000000081900000| 99%| O|  |TAMS 0x00000000818ffff0| PB 0x0000000081800000| Untracked 
|  25|0x0000000081900000, 0x0000000081a00000, 0x0000000081a00000|100%| O|  |TAMS 0x0000000081a00000| PB 0x0000000081900000| Untracked 
|  26|0x0000000081a00000, 0x0000000081b00000, 0x0000000081b00000|100%| O|  |TAMS 0x0000000081b00000| PB 0x0000000081a00000| Untracked 
|  27|0x0000000081b00000, 0x0000000081bfffe8, 0x0000000081c00000| 99%| O|  |TAMS 0x0000000081bfffe8| PB 0x0000000081b00000| Untracked 
|  28|0x0000000081c00000, 0x0000000081cffff0, 0x0000000081d00000| 99%| O|  |TAMS 0x0000000081cffff0| PB 0x0000000081c00000| Untracked 
|  29|0x0000000081d00000, 0x0000000081dffff8, 0x0000000081e00000| 99%| O|  |TAMS 0x0000000081dffff8| PB 0x0000000081d00000| Untracked 
|  30|0x0000000081e00000, 0x0000000081effff0, 0x0000000081f00000| 99%| O|  |TAMS 0x0000000081effff0| PB 0x0000000081e00000| Untracked 
|  31|0x0000000081f00000, 0x0000000081ffffa8, 0x0000000082000000| 99%| O|  |TAMS 0x0000000081ffffa8| PB 0x0000000081f00000| Untracked 
|  32|0x0000000082000000, 0x00000000820fffd8, 0x0000000082100000| 99%| O|  |TAMS 0x00000000820fffd8| PB 0x0000000082000000| Untracked 
|  33|0x0000000082100000, 0x00000000821ffff8, 0x0000000082200000| 99%| O|  |TAMS 0x00000000821ffff8| PB 0x0000000082100000| Untracked 
|  34|0x0000000082200000, 0x0000000082300000, 0x0000000082300000|100%|HS|  |TAMS 0x0000000082300000| PB 0x0000000082200000| Untracked 
|  35|0x0000000082300000, 0x0000000082400000, 0x0000000082400000|100%|HC|  |TAMS 0x0000000082400000| PB 0x0000000082300000| Untracked 
|  36|0x0000000082400000, 0x00000000824fffc0, 0x0000000082500000| 99%| O|  |TAMS 0x00000000824fffc0| PB 0x0000000082400000| Untracked 
|  37|0x0000000082500000, 0x00000000825f9bb8, 0x0000000082600000| 97%| O|  |TAMS 0x00000000825f9bb8| PB 0x0000000082500000| Untracked 
|  38|0x0000000082600000, 0x00000000826fffe0, 0x0000000082700000| 99%| O|  |TAMS 0x00000000826fffe0| PB 0x0000000082600000| Untracked 
|  39|0x0000000082700000, 0x00000000827fff28, 0x0000000082800000| 99%| O|  |TAMS 0x00000000827fff28| PB 0x0000000082700000| Untracked 
|  40|0x0000000082800000, 0x0000000082900000, 0x0000000082900000|100%| O|  |TAMS 0x0000000082900000| PB 0x0000000082800000| Untracked 
|  41|0x0000000082900000, 0x00000000829aee90, 0x0000000082a00000| 68%| O|  |TAMS 0x00000000829aee90| PB 0x0000000082900000| Untracked 
|  42|0x0000000082a00000, 0x0000000082afeed8, 0x0000000082b00000| 99%| O|  |TAMS 0x0000000082afeed8| PB 0x0000000082a00000| Untracked 
|  43|0x0000000082b00000, 0x0000000082bf5ce0, 0x0000000082c00000| 96%| O|  |TAMS 0x0000000082bf5ce0| PB 0x0000000082b00000| Untracked 
|  44|0x0000000082c00000, 0x0000000082cfc620, 0x0000000082d00000| 98%| O|  |TAMS 0x0000000082cfc620| PB 0x0000000082c00000| Untracked 
|  45|0x0000000082d00000, 0x0000000082dffff8, 0x0000000082e00000| 99%| O|  |TAMS 0x0000000082dffff8| PB 0x0000000082d00000| Untracked 
|  46|0x0000000082e00000, 0x0000000082f00000, 0x0000000082f00000|100%| O|  |TAMS 0x0000000082f00000| PB 0x0000000082e00000| Untracked 
|  47|0x0000000082f00000, 0x0000000083000000, 0x0000000083000000|100%| O|  |TAMS 0x0000000083000000| PB 0x0000000082f00000| Untracked 
|  48|0x0000000083000000, 0x0000000083100000, 0x0000000083100000|100%|HS|  |TAMS 0x0000000083100000| PB 0x0000000083000000| Untracked 
|  49|0x0000000083100000, 0x0000000083200000, 0x0000000083200000|100%|HS|  |TAMS 0x0000000083200000| PB 0x0000000083100000| Untracked 
|  50|0x0000000083200000, 0x0000000083300000, 0x0000000083300000|100%|HS|  |TAMS 0x0000000083300000| PB 0x0000000083200000| Untracked 
|  51|0x0000000083300000, 0x0000000083400000, 0x0000000083400000|100%|HC|  |TAMS 0x0000000083400000| PB 0x0000000083300000| Untracked 
|  52|0x0000000083400000, 0x0000000083500000, 0x0000000083500000|100%|HS|  |TAMS 0x0000000083500000| PB 0x0000000083400000| Untracked 
|  53|0x0000000083500000, 0x00000000835fffb8, 0x0000000083600000| 99%| O|  |TAMS 0x00000000835fffb8| PB 0x0000000083500000| Untracked 
|  54|0x0000000083600000, 0x00000000836fffe0, 0x0000000083700000| 99%| O|  |TAMS 0x00000000836fffe0| PB 0x0000000083600000| Untracked 
|  55|0x0000000083700000, 0x00000000837ffff8, 0x0000000083800000| 99%| O|  |TAMS 0x00000000837ffff8| PB 0x0000000083700000| Untracked 
|  56|0x0000000083800000, 0x0000000083900000, 0x0000000083900000|100%|HS|  |TAMS 0x0000000083900000| PB 0x0000000083800000| Untracked 
|  57|0x0000000083900000, 0x0000000083a00000, 0x0000000083a00000|100%|HC|  |TAMS 0x0000000083a00000| PB 0x0000000083900000| Untracked 
|  58|0x0000000083a00000, 0x0000000083b00000, 0x0000000083b00000|100%|HS|  |TAMS 0x0000000083b00000| PB 0x0000000083a00000| Untracked 
|  59|0x0000000083b00000, 0x0000000083bfff98, 0x0000000083c00000| 99%| O|  |TAMS 0x0000000083bfff98| PB 0x0000000083b00000| Untracked 
|  60|0x0000000083c00000, 0x0000000083cffff0, 0x0000000083d00000| 99%| O|  |TAMS 0x0000000083cffff0| PB 0x0000000083c00000| Untracked 
|  61|0x0000000083d00000, 0x0000000083dffff0, 0x0000000083e00000| 99%| O|  |TAMS 0x0000000083dffff0| PB 0x0000000083d00000| Untracked 
|  62|0x0000000083e00000, 0x0000000083efffe8, 0x0000000083f00000| 99%| O|  |TAMS 0x0000000083efffe8| PB 0x0000000083e00000| Untracked 
|  63|0x0000000083f00000, 0x0000000084000000, 0x0000000084000000|100%|HS|  |TAMS 0x0000000084000000| PB 0x0000000083f00000| Untracked 
|  64|0x0000000084000000, 0x00000000840cf0e0, 0x0000000084100000| 80%| O|  |TAMS 0x00000000840cf0e0| PB 0x0000000084000000| Untracked 
|  65|0x0000000084100000, 0x00000000841fffc8, 0x0000000084200000| 99%| O|  |TAMS 0x00000000841fffc8| PB 0x0000000084100000| Untracked 
|  66|0x0000000084200000, 0x0000000084300000, 0x0000000084300000|100%| O|  |TAMS 0x0000000084300000| PB 0x0000000084200000| Untracked 
|  67|0x0000000084300000, 0x00000000843ffff8, 0x0000000084400000| 99%| O|  |TAMS 0x00000000843ffff8| PB 0x0000000084300000| Untracked 
|  68|0x0000000084400000, 0x0000000084500000, 0x0000000084500000|100%|HS|  |TAMS 0x0000000084500000| PB 0x0000000084400000| Untracked 
|  69|0x0000000084500000, 0x0000000084600000, 0x0000000084600000|100%|HC|  |TAMS 0x0000000084600000| PB 0x0000000084500000| Untracked 
|  70|0x0000000084600000, 0x0000000084700000, 0x0000000084700000|100%|HC|  |TAMS 0x0000000084700000| PB 0x0000000084600000| Untracked 
|  71|0x0000000084700000, 0x0000000084800000, 0x0000000084800000|100%|HC|  |TAMS 0x0000000084800000| PB 0x0000000084700000| Untracked 
|  72|0x0000000084800000, 0x0000000084900000, 0x0000000084900000|100%|HS|  |TAMS 0x0000000084900000| PB 0x0000000084800000| Untracked 
|  73|0x0000000084900000, 0x0000000084a00000, 0x0000000084a00000|100%|HS|  |TAMS 0x0000000084a00000| PB 0x0000000084900000| Untracked 
|  74|0x0000000084a00000, 0x0000000084a9e300, 0x0000000084b00000| 61%| O|  |TAMS 0x0000000084a9e300| PB 0x0000000084a00000| Untracked 
|  75|0x0000000084b00000, 0x0000000084bffff8, 0x0000000084c00000| 99%| O|  |TAMS 0x0000000084bffff8| PB 0x0000000084b00000| Untracked 
|  76|0x0000000084c00000, 0x0000000084cffff8, 0x0000000084d00000| 99%| O|  |TAMS 0x0000000084cffff8| PB 0x0000000084c00000| Untracked 
|  77|0x0000000084d00000, 0x0000000084e00000, 0x0000000084e00000|100%| O|  |TAMS 0x0000000084e00000| PB 0x0000000084d00000| Untracked 
|  78|0x0000000084e00000, 0x0000000084f00000, 0x0000000084f00000|100%|HS|  |TAMS 0x0000000084e00000| PB 0x0000000084e00000| Complete 
|  79|0x0000000084f00000, 0x0000000084fffff0, 0x0000000085000000| 99%| O|  |TAMS 0x0000000084fffff0| PB 0x0000000084f00000| Untracked 
|  80|0x0000000085000000, 0x00000000850fb478, 0x0000000085100000| 98%| O|  |TAMS 0x00000000850fb478| PB 0x0000000085000000| Untracked 
|  81|0x0000000085100000, 0x0000000085200000, 0x0000000085200000|100%|HS|  |TAMS 0x0000000085200000| PB 0x0000000085100000| Untracked 
|  82|0x0000000085200000, 0x0000000085300000, 0x0000000085300000|100%|HC|  |TAMS 0x0000000085300000| PB 0x0000000085200000| Untracked 
|  83|0x0000000085300000, 0x0000000085400000, 0x0000000085400000|100%|HC|  |TAMS 0x0000000085400000| PB 0x0000000085300000| Untracked 
|  84|0x0000000085400000, 0x0000000085500000, 0x0000000085500000|100%|HC|  |TAMS 0x0000000085500000| PB 0x0000000085400000| Untracked 
|  85|0x0000000085500000, 0x00000000855ffff0, 0x0000000085600000| 99%| O|  |TAMS 0x00000000855ffff0| PB 0x0000000085500000| Untracked 
|  86|0x0000000085600000, 0x00000000856747c0, 0x0000000085700000| 45%| O|  |TAMS 0x00000000856747c0| PB 0x0000000085600000| Untracked 
|  87|0x0000000085700000, 0x00000000857fff50, 0x0000000085800000| 99%| O|  |TAMS 0x00000000857fff50| PB 0x0000000085700000| Untracked 
|  88|0x0000000085800000, 0x0000000085900000, 0x0000000085900000|100%| O|  |TAMS 0x0000000085900000| PB 0x0000000085800000| Untracked 
|  89|0x0000000085900000, 0x00000000859fffe0, 0x0000000085a00000| 99%| O|  |TAMS 0x00000000859fffe0| PB 0x0000000085900000| Untracked 
|  90|0x0000000085a00000, 0x0000000085aedc88, 0x0000000085b00000| 92%| O|  |TAMS 0x0000000085aedc88| PB 0x0000000085a00000| Untracked 
|  91|0x0000000085b00000, 0x0000000085bffff8, 0x0000000085c00000| 99%| O|  |TAMS 0x0000000085bffff8| PB 0x0000000085b00000| Untracked 
|  92|0x0000000085c00000, 0x0000000085cfffe0, 0x0000000085d00000| 99%| O|  |TAMS 0x0000000085cfffe0| PB 0x0000000085c00000| Untracked 
|  93|0x0000000085d00000, 0x0000000085dffff8, 0x0000000085e00000| 99%| O|  |TAMS 0x0000000085dffff8| PB 0x0000000085d00000| Untracked 
|  94|0x0000000085e00000, 0x0000000085efffe8, 0x0000000085f00000| 99%| O|  |TAMS 0x0000000085efffe8| PB 0x0000000085e00000| Untracked 
|  95|0x0000000085f00000, 0x0000000085ffffc0, 0x0000000086000000| 99%| O|  |TAMS 0x0000000085ffffc0| PB 0x0000000085f00000| Untracked 
|  96|0x0000000086000000, 0x0000000086062d80, 0x0000000086100000| 38%| O|  |TAMS 0x0000000086062d80| PB 0x0000000086000000| Untracked 
|  97|0x0000000086100000, 0x0000000086100000, 0x0000000086200000|  0%| F|  |TAMS 0x0000000086100000| PB 0x0000000086100000| Untracked 
|  98|0x0000000086200000, 0x000000008627d708, 0x0000000086300000| 48%| O|  |TAMS 0x000000008627d708| PB 0x0000000086200000| Untracked 
|  99|0x0000000086300000, 0x00000000863ffff8, 0x0000000086400000| 99%| O|  |TAMS 0x00000000863ffff8| PB 0x0000000086300000| Untracked 
| 100|0x0000000086400000, 0x0000000086400000, 0x0000000086500000|  0%| F|  |TAMS 0x0000000086400000| PB 0x0000000086400000| Untracked 
| 101|0x0000000086500000, 0x00000000865fffe8, 0x0000000086600000| 99%| O|  |TAMS 0x00000000865fffe8| PB 0x0000000086500000| Untracked 
| 102|0x0000000086600000, 0x00000000866e1470, 0x0000000086700000| 87%| O|  |TAMS 0x00000000866e1470| PB 0x0000000086600000| Untracked 
| 103|0x0000000086700000, 0x00000000867fffc0, 0x0000000086800000| 99%| O|  |TAMS 0x00000000867fffc0| PB 0x0000000086700000| Untracked 
| 104|0x0000000086800000, 0x0000000086800000, 0x0000000086900000|  0%| F|  |TAMS 0x0000000086800000| PB 0x0000000086800000| Untracked 
| 105|0x0000000086900000, 0x00000000869fffe8, 0x0000000086a00000| 99%| O|  |TAMS 0x00000000869fffe8| PB 0x0000000086900000| Untracked 
| 106|0x0000000086a00000, 0x0000000086a3c918, 0x0000000086b00000| 23%| O|  |TAMS 0x0000000086a3c918| PB 0x0000000086a00000| Untracked 
| 107|0x0000000086b00000, 0x0000000086bbc5a0, 0x0000000086c00000| 73%| O|  |TAMS 0x0000000086bbc5a0| PB 0x0000000086b00000| Untracked 
| 108|0x0000000086c00000, 0x0000000086c602e8, 0x0000000086d00000| 37%| O|  |TAMS 0x0000000086c602e8| PB 0x0000000086c00000| Untracked 
| 109|0x0000000086d00000, 0x0000000086db9c70, 0x0000000086e00000| 72%| O|  |TAMS 0x0000000086db9c70| PB 0x0000000086d00000| Untracked 
| 110|0x0000000086e00000, 0x0000000086e68e90, 0x0000000086f00000| 40%| O|  |TAMS 0x0000000086e68e90| PB 0x0000000086e00000| Untracked 
| 111|0x0000000086f00000, 0x0000000086fffff8, 0x0000000087000000| 99%| O|  |TAMS 0x0000000086fffff8| PB 0x0000000086f00000| Untracked 
| 112|0x0000000087000000, 0x00000000870ffff8, 0x0000000087100000| 99%| O|  |TAMS 0x00000000870ffff8| PB 0x0000000087000000| Untracked 
| 113|0x0000000087100000, 0x0000000087195218, 0x0000000087200000| 58%| O|  |TAMS 0x0000000087195218| PB 0x0000000087100000| Untracked 
| 114|0x0000000087200000, 0x0000000087200000, 0x0000000087300000|  0%| F|  |TAMS 0x0000000087200000| PB 0x0000000087200000| Untracked 
| 115|0x0000000087300000, 0x0000000087300000, 0x0000000087400000|  0%| F|  |TAMS 0x0000000087300000| PB 0x0000000087300000| Untracked 
| 116|0x0000000087400000, 0x0000000087400000, 0x0000000087500000|  0%| F|  |TAMS 0x0000000087400000| PB 0x0000000087400000| Untracked 
| 117|0x0000000087500000, 0x000000008753a388, 0x0000000087600000| 22%| O|  |TAMS 0x000000008753a388| PB 0x0000000087500000| Untracked 
| 118|0x0000000087600000, 0x0000000087600000, 0x0000000087700000|  0%| F|  |TAMS 0x0000000087600000| PB 0x0000000087600000| Untracked 
| 119|0x0000000087700000, 0x00000000877ffff0, 0x0000000087800000| 99%| O|  |TAMS 0x00000000877ffff0| PB 0x0000000087700000| Untracked 
| 120|0x0000000087800000, 0x0000000087800000, 0x0000000087900000|  0%| F|  |TAMS 0x0000000087800000| PB 0x0000000087800000| Untracked 
| 121|0x0000000087900000, 0x0000000087937010, 0x0000000087a00000| 21%| O|  |TAMS 0x0000000087937010| PB 0x0000000087900000| Untracked 
| 122|0x0000000087a00000, 0x0000000087a00000, 0x0000000087b00000|  0%| F|  |TAMS 0x0000000087a00000| PB 0x0000000087a00000| Untracked 
| 123|0x0000000087b00000, 0x0000000087b1aaa0, 0x0000000087c00000| 10%| O|  |TAMS 0x0000000087b1aaa0| PB 0x0000000087b00000| Untracked 
| 124|0x0000000087c00000, 0x0000000087c00000, 0x0000000087d00000|  0%| F|  |TAMS 0x0000000087c00000| PB 0x0000000087c00000| Untracked 
| 125|0x0000000087d00000, 0x0000000087d00000, 0x0000000087e00000|  0%| F|  |TAMS 0x0000000087d00000| PB 0x0000000087d00000| Untracked 
| 126|0x0000000087e00000, 0x0000000087e00000, 0x0000000087f00000|  0%| F|  |TAMS 0x0000000087e00000| PB 0x0000000087e00000| Untracked 
| 127|0x0000000087f00000, 0x0000000087f00000, 0x0000000088000000|  0%| F|  |TAMS 0x0000000087f00000| PB 0x0000000087f00000| Untracked 
| 128|0x0000000088000000, 0x0000000088000000, 0x0000000088100000|  0%| F|  |TAMS 0x0000000088000000| PB 0x0000000088000000| Untracked 
| 129|0x0000000088100000, 0x0000000088109698, 0x0000000088200000|  3%| O|  |TAMS 0x0000000088109698| PB 0x0000000088100000| Untracked 
| 130|0x0000000088200000, 0x00000000882ffff8, 0x0000000088300000| 99%| O|  |TAMS 0x00000000882ffff8| PB 0x0000000088200000| Untracked 
| 131|0x0000000088300000, 0x0000000088400000, 0x0000000088400000|100%|HS|  |TAMS 0x0000000088300000| PB 0x0000000088300000| Complete 
| 132|0x0000000088400000, 0x0000000088500000, 0x0000000088500000|100%|HC|  |TAMS 0x0000000088400000| PB 0x0000000088400000| Complete 
| 133|0x0000000088500000, 0x0000000088600000, 0x0000000088600000|100%|HC|  |TAMS 0x0000000088500000| PB 0x0000000088500000| Complete 
| 134|0x0000000088600000, 0x0000000088700000, 0x0000000088700000|100%|HC|  |TAMS 0x0000000088600000| PB 0x0000000088600000| Complete 
| 135|0x0000000088700000, 0x0000000088800000, 0x0000000088800000|100%|HC|  |TAMS 0x0000000088700000| PB 0x0000000088700000| Complete 
| 136|0x0000000088800000, 0x0000000088900000, 0x0000000088900000|100%|HC|  |TAMS 0x0000000088800000| PB 0x0000000088800000| Complete 
| 137|0x0000000088900000, 0x00000000889ac130, 0x0000000088a00000| 67%| O|  |TAMS 0x00000000889ac130| PB 0x0000000088900000| Untracked 
| 138|0x0000000088a00000, 0x0000000088a00000, 0x0000000088b00000|  0%| F|  |TAMS 0x0000000088a00000| PB 0x0000000088a00000| Untracked 
| 139|0x0000000088b00000, 0x0000000088b00000, 0x0000000088c00000|  0%| F|  |TAMS 0x0000000088b00000| PB 0x0000000088b00000| Untracked 
| 140|0x0000000088c00000, 0x0000000088c00000, 0x0000000088d00000|  0%| F|  |TAMS 0x0000000088c00000| PB 0x0000000088c00000| Untracked 
| 141|0x0000000088d00000, 0x0000000088d00000, 0x0000000088e00000|  0%| F|  |TAMS 0x0000000088d00000| PB 0x0000000088d00000| Untracked 
| 142|0x0000000088e00000, 0x0000000088e00000, 0x0000000088f00000|  0%| F|  |TAMS 0x0000000088e00000| PB 0x0000000088e00000| Untracked 
| 143|0x0000000088f00000, 0x0000000088f00000, 0x0000000089000000|  0%| F|  |TAMS 0x0000000088f00000| PB 0x0000000088f00000| Untracked 
| 144|0x0000000089000000, 0x0000000089000000, 0x0000000089100000|  0%| F|  |TAMS 0x0000000089000000| PB 0x0000000089000000| Untracked 
| 145|0x0000000089100000, 0x0000000089100000, 0x0000000089200000|  0%| F|  |TAMS 0x0000000089100000| PB 0x0000000089100000| Untracked 
| 146|0x0000000089200000, 0x0000000089200000, 0x0000000089300000|  0%| F|  |TAMS 0x0000000089200000| PB 0x0000000089200000| Untracked 
| 147|0x0000000089300000, 0x0000000089300000, 0x0000000089400000|  0%| F|  |TAMS 0x0000000089300000| PB 0x0000000089300000| Untracked 
| 148|0x0000000089400000, 0x00000000894d18f8, 0x0000000089500000| 81%| O|  |TAMS 0x00000000894d18f8| PB 0x0000000089400000| Untracked 
| 149|0x0000000089500000, 0x0000000089500000, 0x0000000089600000|  0%| F|  |TAMS 0x0000000089500000| PB 0x0000000089500000| Untracked 
| 150|0x0000000089600000, 0x0000000089600000, 0x0000000089700000|  0%| F|  |TAMS 0x0000000089600000| PB 0x0000000089600000| Untracked 
| 151|0x0000000089700000, 0x0000000089700000, 0x0000000089800000|  0%| F|  |TAMS 0x0000000089700000| PB 0x0000000089700000| Untracked 
| 152|0x0000000089800000, 0x0000000089800000, 0x0000000089900000|  0%| F|  |TAMS 0x0000000089800000| PB 0x0000000089800000| Untracked 
| 153|0x0000000089900000, 0x0000000089900000, 0x0000000089a00000|  0%| F|  |TAMS 0x0000000089900000| PB 0x0000000089900000| Untracked 
| 154|0x0000000089a00000, 0x0000000089a00000, 0x0000000089b00000|  0%| F|  |TAMS 0x0000000089a00000| PB 0x0000000089a00000| Untracked 
| 155|0x0000000089b00000, 0x0000000089b00000, 0x0000000089c00000|  0%| F|  |TAMS 0x0000000089b00000| PB 0x0000000089b00000| Untracked 
| 156|0x0000000089c00000, 0x0000000089c00000, 0x0000000089d00000|  0%| F|  |TAMS 0x0000000089c00000| PB 0x0000000089c00000| Untracked 
| 157|0x0000000089d00000, 0x0000000089d00000, 0x0000000089e00000|  0%| F|  |TAMS 0x0000000089d00000| PB 0x0000000089d00000| Untracked 
| 158|0x0000000089e00000, 0x0000000089e00000, 0x0000000089f00000|  0%| F|  |TAMS 0x0000000089e00000| PB 0x0000000089e00000| Untracked 
| 159|0x0000000089f00000, 0x0000000089f00000, 0x000000008a000000|  0%| F|  |TAMS 0x0000000089f00000| PB 0x0000000089f00000| Untracked 
| 160|0x000000008a000000, 0x000000008a000000, 0x000000008a100000|  0%| F|  |TAMS 0x000000008a000000| PB 0x000000008a000000| Untracked 
| 161|0x000000008a100000, 0x000000008a100000, 0x000000008a200000|  0%| F|  |TAMS 0x000000008a100000| PB 0x000000008a100000| Untracked 
| 162|0x000000008a200000, 0x000000008a200000, 0x000000008a300000|  0%| F|  |TAMS 0x000000008a200000| PB 0x000000008a200000| Untracked 
| 163|0x000000008a300000, 0x000000008a300000, 0x000000008a400000|  0%| F|  |TAMS 0x000000008a300000| PB 0x000000008a300000| Untracked 
| 164|0x000000008a400000, 0x000000008a400000, 0x000000008a500000|  0%| F|  |TAMS 0x000000008a400000| PB 0x000000008a400000| Untracked 
| 165|0x000000008a500000, 0x000000008a500000, 0x000000008a600000|  0%| F|  |TAMS 0x000000008a500000| PB 0x000000008a500000| Untracked 
| 166|0x000000008a600000, 0x000000008a600000, 0x000000008a700000|  0%| F|  |TAMS 0x000000008a600000| PB 0x000000008a600000| Untracked 
| 167|0x000000008a700000, 0x000000008a700000, 0x000000008a800000|  0%| F|  |TAMS 0x000000008a700000| PB 0x000000008a700000| Untracked 
| 168|0x000000008a800000, 0x000000008a800000, 0x000000008a900000|  0%| F|  |TAMS 0x000000008a800000| PB 0x000000008a800000| Untracked 
| 169|0x000000008a900000, 0x000000008a900000, 0x000000008aa00000|  0%| F|  |TAMS 0x000000008a900000| PB 0x000000008a900000| Untracked 
| 170|0x000000008aa00000, 0x000000008aa00000, 0x000000008ab00000|  0%| F|  |TAMS 0x000000008aa00000| PB 0x000000008aa00000| Untracked 
| 171|0x000000008ab00000, 0x000000008ab00000, 0x000000008ac00000|  0%| F|  |TAMS 0x000000008ab00000| PB 0x000000008ab00000| Untracked 
| 172|0x000000008ac00000, 0x000000008ac00000, 0x000000008ad00000|  0%| F|  |TAMS 0x000000008ac00000| PB 0x000000008ac00000| Untracked 
| 173|0x000000008ad00000, 0x000000008ad00000, 0x000000008ae00000|  0%| F|  |TAMS 0x000000008ad00000| PB 0x000000008ad00000| Untracked 
| 174|0x000000008ae00000, 0x000000008ae00000, 0x000000008af00000|  0%| F|  |TAMS 0x000000008ae00000| PB 0x000000008ae00000| Untracked 
| 175|0x000000008af00000, 0x000000008af00000, 0x000000008b000000|  0%| F|  |TAMS 0x000000008af00000| PB 0x000000008af00000| Untracked 
| 176|0x000000008b000000, 0x000000008b000000, 0x000000008b100000|  0%| F|  |TAMS 0x000000008b000000| PB 0x000000008b000000| Untracked 
| 177|0x000000008b100000, 0x000000008b100000, 0x000000008b200000|  0%| F|  |TAMS 0x000000008b100000| PB 0x000000008b100000| Untracked 
| 178|0x000000008b200000, 0x000000008b200000, 0x000000008b300000|  0%| F|  |TAMS 0x000000008b200000| PB 0x000000008b200000| Untracked 
| 179|0x000000008b300000, 0x000000008b300000, 0x000000008b400000|  0%| F|  |TAMS 0x000000008b300000| PB 0x000000008b300000| Untracked 
| 180|0x000000008b400000, 0x000000008b400000, 0x000000008b500000|  0%| F|  |TAMS 0x000000008b400000| PB 0x000000008b400000| Untracked 
| 181|0x000000008b500000, 0x000000008b500000, 0x000000008b600000|  0%| F|  |TAMS 0x000000008b500000| PB 0x000000008b500000| Untracked 
| 182|0x000000008b600000, 0x000000008b600000, 0x000000008b700000|  0%| F|  |TAMS 0x000000008b600000| PB 0x000000008b600000| Untracked 
| 183|0x000000008b700000, 0x000000008b700000, 0x000000008b800000|  0%| F|  |TAMS 0x000000008b700000| PB 0x000000008b700000| Untracked 
| 184|0x000000008b800000, 0x000000008b800000, 0x000000008b900000|  0%| F|  |TAMS 0x000000008b800000| PB 0x000000008b800000| Untracked 
| 185|0x000000008b900000, 0x000000008b900000, 0x000000008ba00000|  0%| F|  |TAMS 0x000000008b900000| PB 0x000000008b900000| Untracked 
| 186|0x000000008ba00000, 0x000000008ba00000, 0x000000008bb00000|  0%| F|  |TAMS 0x000000008ba00000| PB 0x000000008ba00000| Untracked 
| 187|0x000000008bb00000, 0x000000008bb00000, 0x000000008bc00000|  0%| F|  |TAMS 0x000000008bb00000| PB 0x000000008bb00000| Untracked 
| 188|0x000000008bc00000, 0x000000008bc00000, 0x000000008bd00000|  0%| F|  |TAMS 0x000000008bc00000| PB 0x000000008bc00000| Untracked 
| 189|0x000000008bd00000, 0x000000008bd00000, 0x000000008be00000|  0%| F|  |TAMS 0x000000008bd00000| PB 0x000000008bd00000| Untracked 
| 190|0x000000008be00000, 0x000000008be00000, 0x000000008bf00000|  0%| F|  |TAMS 0x000000008be00000| PB 0x000000008be00000| Untracked 
| 191|0x000000008bf00000, 0x000000008bf00000, 0x000000008c000000|  0%| F|  |TAMS 0x000000008bf00000| PB 0x000000008bf00000| Untracked 
| 192|0x000000008c000000, 0x000000008c000000, 0x000000008c100000|  0%| F|  |TAMS 0x000000008c000000| PB 0x000000008c000000| Untracked 
| 193|0x000000008c100000, 0x000000008c100000, 0x000000008c200000|  0%| F|  |TAMS 0x000000008c100000| PB 0x000000008c100000| Untracked 
| 194|0x000000008c200000, 0x000000008c200000, 0x000000008c300000|  0%| F|  |TAMS 0x000000008c200000| PB 0x000000008c200000| Untracked 
| 195|0x000000008c300000, 0x000000008c300000, 0x000000008c400000|  0%| F|  |TAMS 0x000000008c300000| PB 0x000000008c300000| Untracked 
| 196|0x000000008c400000, 0x000000008c400000, 0x000000008c500000|  0%| F|  |TAMS 0x000000008c400000| PB 0x000000008c400000| Untracked 
| 197|0x000000008c500000, 0x000000008c500000, 0x000000008c600000|  0%| F|  |TAMS 0x000000008c500000| PB 0x000000008c500000| Untracked 
| 198|0x000000008c600000, 0x000000008c600000, 0x000000008c700000|  0%| F|  |TAMS 0x000000008c600000| PB 0x000000008c600000| Untracked 
| 199|0x000000008c700000, 0x000000008c700000, 0x000000008c800000|  0%| F|  |TAMS 0x000000008c700000| PB 0x000000008c700000| Untracked 
| 200|0x000000008c800000, 0x000000008c800000, 0x000000008c900000|  0%| F|  |TAMS 0x000000008c800000| PB 0x000000008c800000| Untracked 
| 201|0x000000008c900000, 0x000000008c900000, 0x000000008ca00000|  0%| F|  |TAMS 0x000000008c900000| PB 0x000000008c900000| Untracked 
| 202|0x000000008ca00000, 0x000000008ca00000, 0x000000008cb00000|  0%| F|  |TAMS 0x000000008ca00000| PB 0x000000008ca00000| Untracked 
| 203|0x000000008cb00000, 0x000000008cb00000, 0x000000008cc00000|  0%| F|  |TAMS 0x000000008cb00000| PB 0x000000008cb00000| Untracked 
| 204|0x000000008cc00000, 0x000000008cc00000, 0x000000008cd00000|  0%| F|  |TAMS 0x000000008cc00000| PB 0x000000008cc00000| Untracked 
| 205|0x000000008cd00000, 0x000000008cd00000, 0x000000008ce00000|  0%| F|  |TAMS 0x000000008cd00000| PB 0x000000008cd00000| Untracked 
| 206|0x000000008ce00000, 0x000000008ce00000, 0x000000008cf00000|  0%| F|  |TAMS 0x000000008ce00000| PB 0x000000008ce00000| Untracked 
| 207|0x000000008cf00000, 0x000000008cf00000, 0x000000008d000000|  0%| F|  |TAMS 0x000000008cf00000| PB 0x000000008cf00000| Untracked 
| 208|0x000000008d000000, 0x000000008d000000, 0x000000008d100000|  0%| F|  |TAMS 0x000000008d000000| PB 0x000000008d000000| Untracked 
| 209|0x000000008d100000, 0x000000008d100000, 0x000000008d200000|  0%| F|  |TAMS 0x000000008d100000| PB 0x000000008d100000| Untracked 
| 210|0x000000008d200000, 0x000000008d200000, 0x000000008d300000|  0%| F|  |TAMS 0x000000008d200000| PB 0x000000008d200000| Untracked 
| 211|0x000000008d300000, 0x000000008d300000, 0x000000008d400000|  0%| F|  |TAMS 0x000000008d300000| PB 0x000000008d300000| Untracked 
| 212|0x000000008d400000, 0x000000008d400000, 0x000000008d500000|  0%| F|  |TAMS 0x000000008d400000| PB 0x000000008d400000| Untracked 
| 213|0x000000008d500000, 0x000000008d500000, 0x000000008d600000|  0%| F|  |TAMS 0x000000008d500000| PB 0x000000008d500000| Untracked 
| 214|0x000000008d600000, 0x000000008d600000, 0x000000008d700000|  0%| F|  |TAMS 0x000000008d600000| PB 0x000000008d600000| Untracked 
| 215|0x000000008d700000, 0x000000008d700000, 0x000000008d800000|  0%| F|  |TAMS 0x000000008d700000| PB 0x000000008d700000| Untracked 
| 216|0x000000008d800000, 0x000000008d800000, 0x000000008d900000|  0%| F|  |TAMS 0x000000008d800000| PB 0x000000008d800000| Untracked 
| 217|0x000000008d900000, 0x000000008d900000, 0x000000008da00000|  0%| F|  |TAMS 0x000000008d900000| PB 0x000000008d900000| Untracked 
| 218|0x000000008da00000, 0x000000008da00000, 0x000000008db00000|  0%| F|  |TAMS 0x000000008da00000| PB 0x000000008da00000| Untracked 
| 219|0x000000008db00000, 0x000000008db00000, 0x000000008dc00000|  0%| F|  |TAMS 0x000000008db00000| PB 0x000000008db00000| Untracked 
| 220|0x000000008dc00000, 0x000000008dc00000, 0x000000008dd00000|  0%| F|  |TAMS 0x000000008dc00000| PB 0x000000008dc00000| Untracked 
| 221|0x000000008dd00000, 0x000000008dd00000, 0x000000008de00000|  0%| F|  |TAMS 0x000000008dd00000| PB 0x000000008dd00000| Untracked 
| 222|0x000000008de00000, 0x000000008de00000, 0x000000008df00000|  0%| F|  |TAMS 0x000000008de00000| PB 0x000000008de00000| Untracked 
| 223|0x000000008df00000, 0x000000008df00000, 0x000000008e000000|  0%| F|  |TAMS 0x000000008df00000| PB 0x000000008df00000| Untracked 
| 224|0x000000008e000000, 0x000000008e000000, 0x000000008e100000|  0%| F|  |TAMS 0x000000008e000000| PB 0x000000008e000000| Untracked 
| 225|0x000000008e100000, 0x000000008e100000, 0x000000008e200000|  0%| F|  |TAMS 0x000000008e100000| PB 0x000000008e100000| Untracked 
| 226|0x000000008e200000, 0x000000008e200000, 0x000000008e300000|  0%| F|  |TAMS 0x000000008e200000| PB 0x000000008e200000| Untracked 
| 227|0x000000008e300000, 0x000000008e300000, 0x000000008e400000|  0%| F|  |TAMS 0x000000008e300000| PB 0x000000008e300000| Untracked 
| 228|0x000000008e400000, 0x000000008e400000, 0x000000008e500000|  0%| F|  |TAMS 0x000000008e400000| PB 0x000000008e400000| Untracked 
| 229|0x000000008e500000, 0x000000008e500000, 0x000000008e600000|  0%| F|  |TAMS 0x000000008e500000| PB 0x000000008e500000| Untracked 
| 230|0x000000008e600000, 0x000000008e600000, 0x000000008e700000|  0%| F|  |TAMS 0x000000008e600000| PB 0x000000008e600000| Untracked 
| 231|0x000000008e700000, 0x000000008e700000, 0x000000008e800000|  0%| F|  |TAMS 0x000000008e700000| PB 0x000000008e700000| Untracked 
| 232|0x000000008e800000, 0x000000008e800000, 0x000000008e900000|  0%| F|  |TAMS 0x000000008e800000| PB 0x000000008e800000| Untracked 
| 233|0x000000008e900000, 0x000000008e900000, 0x000000008ea00000|  0%| F|  |TAMS 0x000000008e900000| PB 0x000000008e900000| Untracked 
| 234|0x000000008ea00000, 0x000000008ea00000, 0x000000008eb00000|  0%| F|  |TAMS 0x000000008ea00000| PB 0x000000008ea00000| Untracked 
| 235|0x000000008eb00000, 0x000000008eb00000, 0x000000008ec00000|  0%| F|  |TAMS 0x000000008eb00000| PB 0x000000008eb00000| Untracked 
| 236|0x000000008ec00000, 0x000000008ec00000, 0x000000008ed00000|  0%| F|  |TAMS 0x000000008ec00000| PB 0x000000008ec00000| Untracked 
| 237|0x000000008ed00000, 0x000000008ed00000, 0x000000008ee00000|  0%| F|  |TAMS 0x000000008ed00000| PB 0x000000008ed00000| Untracked 
| 238|0x000000008ee00000, 0x000000008ee00000, 0x000000008ef00000|  0%| F|  |TAMS 0x000000008ee00000| PB 0x000000008ee00000| Untracked 
| 239|0x000000008ef00000, 0x000000008ef00000, 0x000000008f000000|  0%| F|  |TAMS 0x000000008ef00000| PB 0x000000008ef00000| Untracked 
| 240|0x000000008f000000, 0x000000008f000000, 0x000000008f100000|  0%| F|  |TAMS 0x000000008f000000| PB 0x000000008f000000| Untracked 
| 241|0x000000008f100000, 0x000000008f100000, 0x000000008f200000|  0%| F|  |TAMS 0x000000008f100000| PB 0x000000008f100000| Untracked 
| 242|0x000000008f200000, 0x000000008f200000, 0x000000008f300000|  0%| F|  |TAMS 0x000000008f200000| PB 0x000000008f200000| Untracked 
| 243|0x000000008f300000, 0x000000008f300000, 0x000000008f400000|  0%| F|  |TAMS 0x000000008f300000| PB 0x000000008f300000| Untracked 
| 244|0x000000008f400000, 0x000000008f400000, 0x000000008f500000|  0%| F|  |TAMS 0x000000008f400000| PB 0x000000008f400000| Untracked 
| 245|0x000000008f500000, 0x000000008f500000, 0x000000008f600000|  0%| F|  |TAMS 0x000000008f500000| PB 0x000000008f500000| Untracked 
| 246|0x000000008f600000, 0x000000008f600000, 0x000000008f700000|  0%| F|  |TAMS 0x000000008f600000| PB 0x000000008f600000| Untracked 
| 247|0x000000008f700000, 0x000000008f700000, 0x000000008f800000|  0%| F|  |TAMS 0x000000008f700000| PB 0x000000008f700000| Untracked 
| 248|0x000000008f800000, 0x000000008f800000, 0x000000008f900000|  0%| F|  |TAMS 0x000000008f800000| PB 0x000000008f800000| Untracked 
| 249|0x000000008f900000, 0x000000008f900000, 0x000000008fa00000|  0%| F|  |TAMS 0x000000008f900000| PB 0x000000008f900000| Untracked 
| 250|0x000000008fa00000, 0x000000008fa00000, 0x000000008fb00000|  0%| F|  |TAMS 0x000000008fa00000| PB 0x000000008fa00000| Untracked 
| 251|0x000000008fb00000, 0x000000008fb00000, 0x000000008fc00000|  0%| F|  |TAMS 0x000000008fb00000| PB 0x000000008fb00000| Untracked 
| 252|0x000000008fc00000, 0x000000008fc00000, 0x000000008fd00000|  0%| F|  |TAMS 0x000000008fc00000| PB 0x000000008fc00000| Untracked 
| 253|0x000000008fd00000, 0x000000008fd00000, 0x000000008fe00000|  0%| F|  |TAMS 0x000000008fd00000| PB 0x000000008fd00000| Untracked 
| 254|0x000000008fe00000, 0x000000008fe00000, 0x000000008ff00000|  0%| F|  |TAMS 0x000000008fe00000| PB 0x000000008fe00000| Untracked 
| 255|0x000000008ff00000, 0x000000008ff00000, 0x0000000090000000|  0%| F|  |TAMS 0x000000008ff00000| PB 0x000000008ff00000| Untracked 
| 256|0x0000000090000000, 0x0000000090000000, 0x0000000090100000|  0%| F|  |TAMS 0x0000000090000000| PB 0x0000000090000000| Untracked 
| 257|0x0000000090100000, 0x0000000090100000, 0x0000000090200000|  0%| F|  |TAMS 0x0000000090100000| PB 0x0000000090100000| Untracked 
| 258|0x0000000090200000, 0x0000000090200000, 0x0000000090300000|  0%| F|  |TAMS 0x0000000090200000| PB 0x0000000090200000| Untracked 
| 259|0x0000000090300000, 0x0000000090300000, 0x0000000090400000|  0%| F|  |TAMS 0x0000000090300000| PB 0x0000000090300000| Untracked 
| 260|0x0000000090400000, 0x0000000090400000, 0x0000000090500000|  0%| F|  |TAMS 0x0000000090400000| PB 0x0000000090400000| Untracked 
| 261|0x0000000090500000, 0x0000000090500000, 0x0000000090600000|  0%| F|  |TAMS 0x0000000090500000| PB 0x0000000090500000| Untracked 
| 262|0x0000000090600000, 0x0000000090600000, 0x0000000090700000|  0%| F|  |TAMS 0x0000000090600000| PB 0x0000000090600000| Untracked 
| 263|0x0000000090700000, 0x0000000090700000, 0x0000000090800000|  0%| F|  |TAMS 0x0000000090700000| PB 0x0000000090700000| Untracked 
| 264|0x0000000090800000, 0x0000000090800000, 0x0000000090900000|  0%| F|  |TAMS 0x0000000090800000| PB 0x0000000090800000| Untracked 
| 265|0x0000000090900000, 0x0000000090900000, 0x0000000090a00000|  0%| F|  |TAMS 0x0000000090900000| PB 0x0000000090900000| Untracked 
| 266|0x0000000090a00000, 0x0000000090a00000, 0x0000000090b00000|  0%| F|  |TAMS 0x0000000090a00000| PB 0x0000000090a00000| Untracked 
| 267|0x0000000090b00000, 0x0000000090b00000, 0x0000000090c00000|  0%| F|  |TAMS 0x0000000090b00000| PB 0x0000000090b00000| Untracked 
| 268|0x0000000090c00000, 0x0000000090c00000, 0x0000000090d00000|  0%| F|  |TAMS 0x0000000090c00000| PB 0x0000000090c00000| Untracked 
| 269|0x0000000090d00000, 0x0000000090d00000, 0x0000000090e00000|  0%| F|  |TAMS 0x0000000090d00000| PB 0x0000000090d00000| Untracked 
| 270|0x0000000090e00000, 0x0000000090e00000, 0x0000000090f00000|  0%| F|  |TAMS 0x0000000090e00000| PB 0x0000000090e00000| Untracked 
| 271|0x0000000090f00000, 0x0000000090f00000, 0x0000000091000000|  0%| F|  |TAMS 0x0000000090f00000| PB 0x0000000090f00000| Untracked 
| 272|0x0000000091000000, 0x0000000091000000, 0x0000000091100000|  0%| F|  |TAMS 0x0000000091000000| PB 0x0000000091000000| Untracked 
| 273|0x0000000091100000, 0x0000000091100000, 0x0000000091200000|  0%| F|  |TAMS 0x0000000091100000| PB 0x0000000091100000| Untracked 
| 274|0x0000000091200000, 0x0000000091200000, 0x0000000091300000|  0%| F|  |TAMS 0x0000000091200000| PB 0x0000000091200000| Untracked 
| 275|0x0000000091300000, 0x0000000091300000, 0x0000000091400000|  0%| F|  |TAMS 0x0000000091300000| PB 0x0000000091300000| Untracked 
| 276|0x0000000091400000, 0x0000000091400000, 0x0000000091500000|  0%| F|  |TAMS 0x0000000091400000| PB 0x0000000091400000| Untracked 
| 277|0x0000000091500000, 0x0000000091500000, 0x0000000091600000|  0%| F|  |TAMS 0x0000000091500000| PB 0x0000000091500000| Untracked 
| 278|0x0000000091600000, 0x0000000091600000, 0x0000000091700000|  0%| F|  |TAMS 0x0000000091600000| PB 0x0000000091600000| Untracked 
| 279|0x0000000091700000, 0x0000000091700000, 0x0000000091800000|  0%| F|  |TAMS 0x0000000091700000| PB 0x0000000091700000| Untracked 
| 280|0x0000000091800000, 0x0000000091800000, 0x0000000091900000|  0%| F|  |TAMS 0x0000000091800000| PB 0x0000000091800000| Untracked 
| 281|0x0000000091900000, 0x0000000091900000, 0x0000000091a00000|  0%| F|  |TAMS 0x0000000091900000| PB 0x0000000091900000| Untracked 
| 282|0x0000000091a00000, 0x0000000091a00000, 0x0000000091b00000|  0%| F|  |TAMS 0x0000000091a00000| PB 0x0000000091a00000| Untracked 
| 283|0x0000000091b00000, 0x0000000091b00000, 0x0000000091c00000|  0%| F|  |TAMS 0x0000000091b00000| PB 0x0000000091b00000| Untracked 
| 284|0x0000000091c00000, 0x0000000091c00000, 0x0000000091d00000|  0%| F|  |TAMS 0x0000000091c00000| PB 0x0000000091c00000| Untracked 
| 285|0x0000000091d00000, 0x0000000091d00000, 0x0000000091e00000|  0%| F|  |TAMS 0x0000000091d00000| PB 0x0000000091d00000| Untracked 
| 286|0x0000000091e00000, 0x0000000091e00000, 0x0000000091f00000|  0%| F|  |TAMS 0x0000000091e00000| PB 0x0000000091e00000| Untracked 
| 287|0x0000000091f00000, 0x0000000091f00000, 0x0000000092000000|  0%| F|  |TAMS 0x0000000091f00000| PB 0x0000000091f00000| Untracked 
| 288|0x0000000092000000, 0x0000000092000000, 0x0000000092100000|  0%| F|  |TAMS 0x0000000092000000| PB 0x0000000092000000| Untracked 
| 289|0x0000000092100000, 0x0000000092100000, 0x0000000092200000|  0%| F|  |TAMS 0x0000000092100000| PB 0x0000000092100000| Untracked 
| 290|0x0000000092200000, 0x0000000092200000, 0x0000000092300000|  0%| F|  |TAMS 0x0000000092200000| PB 0x0000000092200000| Untracked 
| 291|0x0000000092300000, 0x0000000092300000, 0x0000000092400000|  0%| F|  |TAMS 0x0000000092300000| PB 0x0000000092300000| Untracked 
| 292|0x0000000092400000, 0x0000000092400000, 0x0000000092500000|  0%| F|  |TAMS 0x0000000092400000| PB 0x0000000092400000| Untracked 
| 293|0x0000000092500000, 0x0000000092500000, 0x0000000092600000|  0%| F|  |TAMS 0x0000000092500000| PB 0x0000000092500000| Untracked 
| 294|0x0000000092600000, 0x0000000092600000, 0x0000000092700000|  0%| F|  |TAMS 0x0000000092600000| PB 0x0000000092600000| Untracked 
| 295|0x0000000092700000, 0x0000000092700000, 0x0000000092800000|  0%| F|  |TAMS 0x0000000092700000| PB 0x0000000092700000| Untracked 
| 296|0x0000000092800000, 0x0000000092800000, 0x0000000092900000|  0%| F|  |TAMS 0x0000000092800000| PB 0x0000000092800000| Untracked 
| 297|0x0000000092900000, 0x0000000092900000, 0x0000000092a00000|  0%| F|  |TAMS 0x0000000092900000| PB 0x0000000092900000| Untracked 
| 298|0x0000000092a00000, 0x0000000092a00000, 0x0000000092b00000|  0%| F|  |TAMS 0x0000000092a00000| PB 0x0000000092a00000| Untracked 
| 299|0x0000000092b00000, 0x0000000092b00000, 0x0000000092c00000|  0%| F|  |TAMS 0x0000000092b00000| PB 0x0000000092b00000| Untracked 
| 300|0x0000000092c00000, 0x0000000092c00000, 0x0000000092d00000|  0%| F|  |TAMS 0x0000000092c00000| PB 0x0000000092c00000| Untracked 
| 301|0x0000000092d00000, 0x0000000092d00000, 0x0000000092e00000|  0%| F|  |TAMS 0x0000000092d00000| PB 0x0000000092d00000| Untracked 
| 302|0x0000000092e00000, 0x0000000092e00000, 0x0000000092f00000|  0%| F|  |TAMS 0x0000000092e00000| PB 0x0000000092e00000| Untracked 
| 303|0x0000000092f00000, 0x0000000092f00000, 0x0000000093000000|  0%| F|  |TAMS 0x0000000092f00000| PB 0x0000000092f00000| Untracked 
| 304|0x0000000093000000, 0x0000000093000000, 0x0000000093100000|  0%| F|  |TAMS 0x0000000093000000| PB 0x0000000093000000| Untracked 
| 305|0x0000000093100000, 0x0000000093100000, 0x0000000093200000|  0%| F|  |TAMS 0x0000000093100000| PB 0x0000000093100000| Untracked 
| 306|0x0000000093200000, 0x0000000093200000, 0x0000000093300000|  0%| F|  |TAMS 0x0000000093200000| PB 0x0000000093200000| Untracked 
| 307|0x0000000093300000, 0x0000000093300000, 0x0000000093400000|  0%| F|  |TAMS 0x0000000093300000| PB 0x0000000093300000| Untracked 
| 308|0x0000000093400000, 0x0000000093400000, 0x0000000093500000|  0%| F|  |TAMS 0x0000000093400000| PB 0x0000000093400000| Untracked 
| 309|0x0000000093500000, 0x0000000093500000, 0x0000000093600000|  0%| F|  |TAMS 0x0000000093500000| PB 0x0000000093500000| Untracked 
| 310|0x0000000093600000, 0x0000000093600000, 0x0000000093700000|  0%| F|  |TAMS 0x0000000093600000| PB 0x0000000093600000| Untracked 
| 311|0x0000000093700000, 0x0000000093700000, 0x0000000093800000|  0%| F|  |TAMS 0x0000000093700000| PB 0x0000000093700000| Untracked 
| 312|0x0000000093800000, 0x0000000093800000, 0x0000000093900000|  0%| F|  |TAMS 0x0000000093800000| PB 0x0000000093800000| Untracked 
| 313|0x0000000093900000, 0x0000000093900000, 0x0000000093a00000|  0%| F|  |TAMS 0x0000000093900000| PB 0x0000000093900000| Untracked 
| 314|0x0000000093a00000, 0x0000000093a00000, 0x0000000093b00000|  0%| F|  |TAMS 0x0000000093a00000| PB 0x0000000093a00000| Untracked 
| 315|0x0000000093b00000, 0x0000000093b00000, 0x0000000093c00000|  0%| F|  |TAMS 0x0000000093b00000| PB 0x0000000093b00000| Untracked 
| 316|0x0000000093c00000, 0x0000000093c00000, 0x0000000093d00000|  0%| F|  |TAMS 0x0000000093c00000| PB 0x0000000093c00000| Untracked 
| 317|0x0000000093d00000, 0x0000000093d00000, 0x0000000093e00000|  0%| F|  |TAMS 0x0000000093d00000| PB 0x0000000093d00000| Untracked 
| 318|0x0000000093e00000, 0x0000000093e00000, 0x0000000093f00000|  0%| F|  |TAMS 0x0000000093e00000| PB 0x0000000093e00000| Untracked 
| 319|0x0000000093f00000, 0x0000000093f00000, 0x0000000094000000|  0%| F|  |TAMS 0x0000000093f00000| PB 0x0000000093f00000| Untracked 
| 320|0x0000000094000000, 0x0000000094000000, 0x0000000094100000|  0%| F|  |TAMS 0x0000000094000000| PB 0x0000000094000000| Untracked 
| 321|0x0000000094100000, 0x0000000094100000, 0x0000000094200000|  0%| F|  |TAMS 0x0000000094100000| PB 0x0000000094100000| Untracked 
| 322|0x0000000094200000, 0x0000000094200000, 0x0000000094300000|  0%| F|  |TAMS 0x0000000094200000| PB 0x0000000094200000| Untracked 
| 323|0x0000000094300000, 0x0000000094300000, 0x0000000094400000|  0%| F|  |TAMS 0x0000000094300000| PB 0x0000000094300000| Untracked 
| 324|0x0000000094400000, 0x0000000094400000, 0x0000000094500000|  0%| F|  |TAMS 0x0000000094400000| PB 0x0000000094400000| Untracked 
| 325|0x0000000094500000, 0x0000000094500000, 0x0000000094600000|  0%| F|  |TAMS 0x0000000094500000| PB 0x0000000094500000| Untracked 
| 326|0x0000000094600000, 0x0000000094600000, 0x0000000094700000|  0%| F|  |TAMS 0x0000000094600000| PB 0x0000000094600000| Untracked 
| 327|0x0000000094700000, 0x0000000094700000, 0x0000000094800000|  0%| F|  |TAMS 0x0000000094700000| PB 0x0000000094700000| Untracked 
| 328|0x0000000094800000, 0x0000000094800000, 0x0000000094900000|  0%| F|  |TAMS 0x0000000094800000| PB 0x0000000094800000| Untracked 
| 329|0x0000000094900000, 0x0000000094900000, 0x0000000094a00000|  0%| F|  |TAMS 0x0000000094900000| PB 0x0000000094900000| Untracked 
| 330|0x0000000094a00000, 0x0000000094a00000, 0x0000000094b00000|  0%| F|  |TAMS 0x0000000094a00000| PB 0x0000000094a00000| Untracked 
| 331|0x0000000094b00000, 0x0000000094b00000, 0x0000000094c00000|  0%| F|  |TAMS 0x0000000094b00000| PB 0x0000000094b00000| Untracked 
| 332|0x0000000094c00000, 0x0000000094c00000, 0x0000000094d00000|  0%| F|  |TAMS 0x0000000094c00000| PB 0x0000000094c00000| Untracked 
| 333|0x0000000094d00000, 0x0000000094d00000, 0x0000000094e00000|  0%| F|  |TAMS 0x0000000094d00000| PB 0x0000000094d00000| Untracked 
| 334|0x0000000094e00000, 0x0000000094e00000, 0x0000000094f00000|  0%| F|  |TAMS 0x0000000094e00000| PB 0x0000000094e00000| Untracked 
| 335|0x0000000094f00000, 0x0000000094f00000, 0x0000000095000000|  0%| F|  |TAMS 0x0000000094f00000| PB 0x0000000094f00000| Untracked 
| 336|0x0000000095000000, 0x0000000095000000, 0x0000000095100000|  0%| F|  |TAMS 0x0000000095000000| PB 0x0000000095000000| Untracked 
| 337|0x0000000095100000, 0x0000000095100000, 0x0000000095200000|  0%| F|  |TAMS 0x0000000095100000| PB 0x0000000095100000| Untracked 
| 338|0x0000000095200000, 0x0000000095200000, 0x0000000095300000|  0%| F|  |TAMS 0x0000000095200000| PB 0x0000000095200000| Untracked 
| 339|0x0000000095300000, 0x0000000095300000, 0x0000000095400000|  0%| F|  |TAMS 0x0000000095300000| PB 0x0000000095300000| Untracked 
| 340|0x0000000095400000, 0x0000000095400000, 0x0000000095500000|  0%| F|  |TAMS 0x0000000095400000| PB 0x0000000095400000| Untracked 
| 341|0x0000000095500000, 0x0000000095500000, 0x0000000095600000|  0%| F|  |TAMS 0x0000000095500000| PB 0x0000000095500000| Untracked 
| 342|0x0000000095600000, 0x0000000095600000, 0x0000000095700000|  0%| F|  |TAMS 0x0000000095600000| PB 0x0000000095600000| Untracked 
| 343|0x0000000095700000, 0x0000000095700000, 0x0000000095800000|  0%| F|  |TAMS 0x0000000095700000| PB 0x0000000095700000| Untracked 
| 344|0x0000000095800000, 0x0000000095800000, 0x0000000095900000|  0%| F|  |TAMS 0x0000000095800000| PB 0x0000000095800000| Untracked 
| 345|0x0000000095900000, 0x0000000095900000, 0x0000000095a00000|  0%| F|  |TAMS 0x0000000095900000| PB 0x0000000095900000| Untracked 
| 346|0x0000000095a00000, 0x0000000095a00000, 0x0000000095b00000|  0%| F|  |TAMS 0x0000000095a00000| PB 0x0000000095a00000| Untracked 
| 347|0x0000000095b00000, 0x0000000095b00000, 0x0000000095c00000|  0%| F|  |TAMS 0x0000000095b00000| PB 0x0000000095b00000| Untracked 
| 348|0x0000000095c00000, 0x0000000095c00000, 0x0000000095d00000|  0%| F|  |TAMS 0x0000000095c00000| PB 0x0000000095c00000| Untracked 
| 349|0x0000000095d00000, 0x0000000095d00000, 0x0000000095e00000|  0%| F|  |TAMS 0x0000000095d00000| PB 0x0000000095d00000| Untracked 
| 350|0x0000000095e00000, 0x0000000095e00000, 0x0000000095f00000|  0%| F|  |TAMS 0x0000000095e00000| PB 0x0000000095e00000| Untracked 
| 351|0x0000000095f00000, 0x0000000095f00000, 0x0000000096000000|  0%| F|  |TAMS 0x0000000095f00000| PB 0x0000000095f00000| Untracked 
| 352|0x0000000096000000, 0x0000000096000000, 0x0000000096100000|  0%| F|  |TAMS 0x0000000096000000| PB 0x0000000096000000| Untracked 
| 353|0x0000000096100000, 0x0000000096100000, 0x0000000096200000|  0%| F|  |TAMS 0x0000000096100000| PB 0x0000000096100000| Untracked 
| 354|0x0000000096200000, 0x0000000096200000, 0x0000000096300000|  0%| F|  |TAMS 0x0000000096200000| PB 0x0000000096200000| Untracked 
| 355|0x0000000096300000, 0x0000000096300000, 0x0000000096400000|  0%| F|  |TAMS 0x0000000096300000| PB 0x0000000096300000| Untracked 
| 356|0x0000000096400000, 0x0000000096400000, 0x0000000096500000|  0%| F|  |TAMS 0x0000000096400000| PB 0x0000000096400000| Untracked 
| 357|0x0000000096500000, 0x0000000096500000, 0x0000000096600000|  0%| F|  |TAMS 0x0000000096500000| PB 0x0000000096500000| Untracked 
| 358|0x0000000096600000, 0x0000000096600000, 0x0000000096700000|  0%| F|  |TAMS 0x0000000096600000| PB 0x0000000096600000| Untracked 
| 359|0x0000000096700000, 0x0000000096700000, 0x0000000096800000|  0%| F|  |TAMS 0x0000000096700000| PB 0x0000000096700000| Untracked 
| 360|0x0000000096800000, 0x0000000096800000, 0x0000000096900000|  0%| F|  |TAMS 0x0000000096800000| PB 0x0000000096800000| Untracked 
| 361|0x0000000096900000, 0x0000000096900000, 0x0000000096a00000|  0%| F|  |TAMS 0x0000000096900000| PB 0x0000000096900000| Untracked 
| 362|0x0000000096a00000, 0x0000000096a00000, 0x0000000096b00000|  0%| F|  |TAMS 0x0000000096a00000| PB 0x0000000096a00000| Untracked 
| 363|0x0000000096b00000, 0x0000000096b00000, 0x0000000096c00000|  0%| F|  |TAMS 0x0000000096b00000| PB 0x0000000096b00000| Untracked 
| 364|0x0000000096c00000, 0x0000000096c00000, 0x0000000096d00000|  0%| F|  |TAMS 0x0000000096c00000| PB 0x0000000096c00000| Untracked 
| 365|0x0000000096d00000, 0x0000000096d00000, 0x0000000096e00000|  0%| F|  |TAMS 0x0000000096d00000| PB 0x0000000096d00000| Untracked 
| 366|0x0000000096e00000, 0x0000000096e00000, 0x0000000096f00000|  0%| F|  |TAMS 0x0000000096e00000| PB 0x0000000096e00000| Untracked 
| 367|0x0000000096f00000, 0x0000000096f00000, 0x0000000097000000|  0%| F|  |TAMS 0x0000000096f00000| PB 0x0000000096f00000| Untracked 
| 368|0x0000000097000000, 0x0000000097000000, 0x0000000097100000|  0%| F|  |TAMS 0x0000000097000000| PB 0x0000000097000000| Untracked 
| 369|0x0000000097100000, 0x0000000097100000, 0x0000000097200000|  0%| F|  |TAMS 0x0000000097100000| PB 0x0000000097100000| Untracked 
| 370|0x0000000097200000, 0x0000000097200000, 0x0000000097300000|  0%| F|  |TAMS 0x0000000097200000| PB 0x0000000097200000| Untracked 
| 371|0x0000000097300000, 0x0000000097300000, 0x0000000097400000|  0%| F|  |TAMS 0x0000000097300000| PB 0x0000000097300000| Untracked 
| 372|0x0000000097400000, 0x0000000097400000, 0x0000000097500000|  0%| F|  |TAMS 0x0000000097400000| PB 0x0000000097400000| Untracked 
| 373|0x0000000097500000, 0x0000000097500000, 0x0000000097600000|  0%| F|  |TAMS 0x0000000097500000| PB 0x0000000097500000| Untracked 
| 374|0x0000000097600000, 0x0000000097600000, 0x0000000097700000|  0%| F|  |TAMS 0x0000000097600000| PB 0x0000000097600000| Untracked 
| 375|0x0000000097700000, 0x0000000097700000, 0x0000000097800000|  0%| F|  |TAMS 0x0000000097700000| PB 0x0000000097700000| Untracked 
| 376|0x0000000097800000, 0x0000000097800000, 0x0000000097900000|  0%| F|  |TAMS 0x0000000097800000| PB 0x0000000097800000| Untracked 
| 377|0x0000000097900000, 0x0000000097900000, 0x0000000097a00000|  0%| F|  |TAMS 0x0000000097900000| PB 0x0000000097900000| Untracked 
| 378|0x0000000097a00000, 0x0000000097a00000, 0x0000000097b00000|  0%| F|  |TAMS 0x0000000097a00000| PB 0x0000000097a00000| Untracked 
| 379|0x0000000097b00000, 0x0000000097b00000, 0x0000000097c00000|  0%| F|  |TAMS 0x0000000097b00000| PB 0x0000000097b00000| Untracked 
| 380|0x0000000097c00000, 0x0000000097c00000, 0x0000000097d00000|  0%| F|  |TAMS 0x0000000097c00000| PB 0x0000000097c00000| Untracked 
| 381|0x0000000097d00000, 0x0000000097d00000, 0x0000000097e00000|  0%| F|  |TAMS 0x0000000097d00000| PB 0x0000000097d00000| Untracked 
| 382|0x0000000097e00000, 0x0000000097e00000, 0x0000000097f00000|  0%| F|  |TAMS 0x0000000097e00000| PB 0x0000000097e00000| Untracked 
| 383|0x0000000097f00000, 0x0000000097f00000, 0x0000000098000000|  0%| F|  |TAMS 0x0000000097f00000| PB 0x0000000097f00000| Untracked 
| 384|0x0000000098000000, 0x0000000098000000, 0x0000000098100000|  0%| F|  |TAMS 0x0000000098000000| PB 0x0000000098000000| Untracked 
| 385|0x0000000098100000, 0x0000000098100000, 0x0000000098200000|  0%| F|  |TAMS 0x0000000098100000| PB 0x0000000098100000| Untracked 
| 386|0x0000000098200000, 0x0000000098200000, 0x0000000098300000|  0%| F|  |TAMS 0x0000000098200000| PB 0x0000000098200000| Untracked 
| 387|0x0000000098300000, 0x0000000098300000, 0x0000000098400000|  0%| F|  |TAMS 0x0000000098300000| PB 0x0000000098300000| Untracked 
| 388|0x0000000098400000, 0x00000000984f9a50, 0x0000000098500000| 97%| S|CS|TAMS 0x0000000098400000| PB 0x0000000098400000| Complete 
| 389|0x0000000098500000, 0x0000000098600000, 0x0000000098600000|100%| S|CS|TAMS 0x0000000098500000| PB 0x0000000098500000| Complete 
| 390|0x0000000098600000, 0x0000000098600000, 0x0000000098700000|  0%| F|  |TAMS 0x0000000098600000| PB 0x0000000098600000| Untracked 
| 391|0x0000000098700000, 0x0000000098700000, 0x0000000098800000|  0%| F|  |TAMS 0x0000000098700000| PB 0x0000000098700000| Untracked 
| 392|0x0000000098800000, 0x0000000098800000, 0x0000000098900000|  0%| F|  |TAMS 0x0000000098800000| PB 0x0000000098800000| Untracked 
| 393|0x0000000098900000, 0x0000000098900000, 0x0000000098a00000|  0%| F|  |TAMS 0x0000000098900000| PB 0x0000000098900000| Untracked 
| 394|0x0000000098a00000, 0x0000000098a00000, 0x0000000098b00000|  0%| F|  |TAMS 0x0000000098a00000| PB 0x0000000098a00000| Untracked 
| 395|0x0000000098b00000, 0x0000000098b00000, 0x0000000098c00000|  0%| F|  |TAMS 0x0000000098b00000| PB 0x0000000098b00000| Untracked 
| 396|0x0000000098c00000, 0x0000000098c00000, 0x0000000098d00000|  0%| F|  |TAMS 0x0000000098c00000| PB 0x0000000098c00000| Untracked 
| 397|0x0000000098d00000, 0x0000000098d00000, 0x0000000098e00000|  0%| F|  |TAMS 0x0000000098d00000| PB 0x0000000098d00000| Untracked 
| 398|0x0000000098e00000, 0x0000000098e00000, 0x0000000098f00000|  0%| F|  |TAMS 0x0000000098e00000| PB 0x0000000098e00000| Untracked 
| 399|0x0000000098f00000, 0x0000000098f00000, 0x0000000099000000|  0%| F|  |TAMS 0x0000000098f00000| PB 0x0000000098f00000| Untracked 
| 400|0x0000000099000000, 0x0000000099000000, 0x0000000099100000|  0%| F|  |TAMS 0x0000000099000000| PB 0x0000000099000000| Untracked 
| 401|0x0000000099100000, 0x0000000099100000, 0x0000000099200000|  0%| F|  |TAMS 0x0000000099100000| PB 0x0000000099100000| Untracked 
| 402|0x0000000099200000, 0x0000000099200000, 0x0000000099300000|  0%| F|  |TAMS 0x0000000099200000| PB 0x0000000099200000| Untracked 
| 403|0x0000000099300000, 0x0000000099300000, 0x0000000099400000|  0%| F|  |TAMS 0x0000000099300000| PB 0x0000000099300000| Untracked 
| 404|0x0000000099400000, 0x0000000099400000, 0x0000000099500000|  0%| F|  |TAMS 0x0000000099400000| PB 0x0000000099400000| Untracked 
| 405|0x0000000099500000, 0x0000000099500000, 0x0000000099600000|  0%| F|  |TAMS 0x0000000099500000| PB 0x0000000099500000| Untracked 
| 406|0x0000000099600000, 0x0000000099600000, 0x0000000099700000|  0%| F|  |TAMS 0x0000000099600000| PB 0x0000000099600000| Untracked 
| 407|0x0000000099700000, 0x0000000099700000, 0x0000000099800000|  0%| F|  |TAMS 0x0000000099700000| PB 0x0000000099700000| Untracked 
| 408|0x0000000099800000, 0x0000000099800000, 0x0000000099900000|  0%| F|  |TAMS 0x0000000099800000| PB 0x0000000099800000| Untracked 
| 409|0x0000000099900000, 0x000000009997a168, 0x0000000099a00000| 47%| E|  |TAMS 0x0000000099900000| PB 0x0000000099900000| Complete 
|2010|0x00000000fda00000, 0x00000000fdb00000, 0x00000000fdb00000|100%| O|  |TAMS 0x00000000fdb00000| PB 0x00000000fda00000| Untracked 
|2011|0x00000000fdb00000, 0x00000000fdc00000, 0x00000000fdc00000|100%| O|  |TAMS 0x00000000fdc00000| PB 0x00000000fdb00000| Untracked 
|2012|0x00000000fdc00000, 0x00000000fdd00000, 0x00000000fdd00000|100%| O|  |TAMS 0x00000000fdd00000| PB 0x00000000fdc00000| Untracked 
|2013|0x00000000fdd00000, 0x00000000fde00000, 0x00000000fde00000|100%| O|  |TAMS 0x00000000fde00000| PB 0x00000000fdd00000| Untracked 
|2016|0x00000000fe000000, 0x00000000fe100000, 0x00000000fe100000|100%| O|  |TAMS 0x00000000fe100000| PB 0x00000000fe000000| Untracked 
|2017|0x00000000fe100000, 0x00000000fe200000, 0x00000000fe200000|100%| O|  |TAMS 0x00000000fe200000| PB 0x00000000fe100000| Untracked 
|2022|0x00000000fe600000, 0x00000000fe700000, 0x00000000fe700000|100%| O|  |TAMS 0x00000000fe700000| PB 0x00000000fe600000| Untracked 

Card table byte_map: [0x0000024d6b000000,0x0000024d6b400000] _byte_map_base: 0x0000024d6ac00000

Marking Bits: (CMBitMap*) 0x0000024d57d21090
 Bits: [0x0000024d6b400000, 0x0000024d6d400000)

Polling page: 0x0000024d55cd0000

Metaspace:

Usage:
  Non-class:    133.24 MB used.
      Class:     20.27 MB used.
       Both:    153.51 MB used.

Virtual space:
  Non-class space:      192.00 MB reserved,     134.50 MB ( 70%) committed,  3 nodes.
      Class space:        1.00 GB reserved,      22.00 MB (  2%) committed,  1 nodes.
             Both:        1.19 GB reserved,     156.50 MB ( 13%) committed. 

Chunk freelists:
   Non-Class:  9.32 MB
       Class:  10.96 MB
        Both:  20.29 MB

MaxMetaspaceSize: unlimited
CompressedClassSpaceSize: 1.00 GB
Initial GC threshold: 21.00 MB
Current GC threshold: 260.88 MB
CDS: off
 - commit_granule_bytes: 65536.
 - commit_granule_words: 8192.
 - virtual_space_node_default_size: 8388608.
 - enlarge_chunks_in_place: 1.
 - use_allocation_guard: 0.


Internal statistics:

num_allocs_failed_limit: 12.
num_arena_births: 5336.
num_arena_deaths: 2546.
num_vsnodes_births: 4.
num_vsnodes_deaths: 0.
num_space_committed: 2503.
num_space_uncommitted: 0.
num_chunks_returned_to_freelist: 2952.
num_chunks_taken_from_freelist: 12847.
num_chunk_merges: 1030.
num_chunk_splits: 7844.
num_chunks_enlarged: 4828.
num_inconsistent_stats: 0.

CodeHeap 'non-profiled nmethods': size=119168Kb used=26280Kb max_used=27784Kb free=92887Kb
 bounds [0x0000024d629c0000, 0x0000024d644f0000, 0x0000024d69e20000]
CodeHeap 'profiled nmethods': size=119104Kb used=35894Kb max_used=45801Kb free=83209Kb
 bounds [0x0000024d5ae20000, 0x0000024d5db20000, 0x0000024d62270000]
CodeHeap 'non-nmethods': size=7488Kb used=3050Kb max_used=4858Kb free=4437Kb
 bounds [0x0000024d62270000, 0x0000024d62740000, 0x0000024d629c0000]
CodeCache: size=245760Kb, used=65224Kb, max_used=78443Kb, free=180533Kb
 total_blobs=19661, nmethods=18546, adapters=1015, full_count=0
Compilation: enabled, stopped_count=0, restarted_count=0

Compilation events (20 events):
Event: 7261.588 Thread 0x0000024d70c74290 41465       3       java.net.URL::equals (27 bytes)
Event: 7261.588 Thread 0x0000024d70c74290 nmethod 41465 0x0000024d5b0f4690 code [0x0000024d5b0f48a0, 0x0000024d5b0f4fc8]
Event: 7261.588 Thread 0x0000024d70c74290 41466       3       java.net.URLStreamHandler::equals (29 bytes)
Event: 7261.588 Thread 0x0000024d70c74290 nmethod 41466 0x0000024d5b5f3390 code [0x0000024d5b5f3560, 0x0000024d5b5f3968]
Event: 7261.588 Thread 0x0000024d70c74290 41467       3       java.net.URLStreamHandler::sameFile (136 bytes)
Event: 7261.589 Thread 0x0000024d70c74290 nmethod 41467 0x0000024d5c115a10 code [0x0000024d5c115c60, 0x0000024d5c116478]
Event: 7261.593 Thread 0x0000024d052d2de0 nmethod 41435 0x0000024d63cb9a10 code [0x0000024d63cb9d60, 0x0000024d63cbc038]
Event: 7261.616 Thread 0x0000024d052d2de0 41468       4       jdk.internal.reflect.ClassFileAssembler::append (30 bytes)
Event: 7261.617 Thread 0x0000024d70c74290 41469       3       java.net.URI::hashIgnoringCase (45 bytes)
Event: 7261.618 Thread 0x0000024d70c74290 nmethod 41469 0x0000024d5b3f7990 code [0x0000024d5b3f7bc0, 0x0000024d5b3f83e8]
Event: 7261.619 Thread 0x0000024d052d2de0 nmethod 41468 0x0000024d62c2f890 code [0x0000024d62c2fa60, 0x0000024d62c2fd38]
Event: 7261.620 Thread 0x0000024d052d2de0 41470       4       java.util.zip.ZipUtils::SH (21 bytes)
Event: 7261.621 Thread 0x0000024d052d2de0 nmethod 41470 0x0000024d62ad8710 code [0x0000024d62ad88a0, 0x0000024d62ad8980]
Event: 7261.621 Thread 0x0000024d70c74290 41471       3       org.gradle.internal.util.Trie::find (135 bytes)
Event: 7261.622 Thread 0x0000024d70c74290 nmethod 41471 0x0000024d5c588b10 code [0x0000024d5c588d40, 0x0000024d5c5894c0]
Event: 7261.622 Thread 0x0000024d70c74290 41472       3       java.net.URI::hashCode (123 bytes)
Event: 7261.623 Thread 0x0000024d70c74290 nmethod 41472 0x0000024d5b178f10 code [0x0000024d5b179260, 0x0000024d5b17a208]
Event: 7261.623 Thread 0x0000024d70c74290 41473       3       java.net.URI::percentNormalizedComparison (215 bytes)
Event: 7261.626 Thread 0x0000024d70c74290 nmethod 41473 0x0000024d5cad5d90 code [0x0000024d5cad6280, 0x0000024d5cad8a70]
Event: 7261.632 Thread 0x0000024d70c6eb70 nmethod 41459 0x0000024d64029b90 code [0x0000024d6402a0a0, 0x0000024d6402cd78]

GC Heap History (20 events):
Event: 2507.851 GC heap before
{Heap before GC invocations=64 (full 0):
 garbage-first heap   total 1591296K, used 1588365K [0x0000000080000000, 0x0000000100000000)
  region size 1024K, 633 young (648192K), 3 survivors (3072K)
 Metaspace       used 157070K, committed 159808K, reserved 1245184K
  class space    used 21119K, committed 22528K, reserved 1048576K
}
Event: 2507.857 GC heap after
{Heap after GC invocations=65 (full 0):
 garbage-first heap   total 1596416K, used 139098K [0x0000000080000000, 0x0000000100000000)
  region size 1024K, 2 young (2048K), 2 survivors (2048K)
 Metaspace       used 157070K, committed 159808K, reserved 1245184K
  class space    used 21119K, committed 22528K, reserved 1048576K
}
Event: 2673.093 GC heap before
{Heap before GC invocations=65 (full 0):
 garbage-first heap   total 1596416K, used 771930K [0x0000000080000000, 0x0000000100000000)
  region size 1024K, 622 young (636928K), 2 survivors (2048K)
 Metaspace       used 157486K, committed 160064K, reserved 1245184K
  class space    used 21131K, committed 22528K, reserved 1048576K
}
Event: 2673.104 GC heap after
{Heap after GC invocations=66 (full 0):
 garbage-first heap   total 1596416K, used 151620K [0x0000000080000000, 0x0000000100000000)
  region size 1024K, 14 young (14336K), 14 survivors (14336K)
 Metaspace       used 157486K, committed 160064K, reserved 1245184K
  class space    used 21131K, committed 22528K, reserved 1048576K
}
Event: 2816.015 GC heap before
{Heap before GC invocations=67 (full 0):
 garbage-first heap   total 1306624K, used 1304644K [0x0000000080000000, 0x0000000100000000)
  region size 1024K, 359 young (367616K), 14 survivors (14336K)
 Metaspace       used 155449K, committed 160064K, reserved 1245184K
  class space    used 20585K, committed 22528K, reserved 1048576K
}
Event: 2816.020 GC heap after
{Heap after GC invocations=68 (full 0):
 garbage-first heap   total 1310720K, used 140675K [0x0000000080000000, 0x0000000100000000)
  region size 1024K, 3 young (3072K), 3 survivors (3072K)
 Metaspace       used 155449K, committed 160064K, reserved 1245184K
  class space    used 20585K, committed 22528K, reserved 1048576K
}
Event: 2889.656 GC heap before
{Heap before GC invocations=68 (full 0):
 garbage-first heap   total 1579008K, used 1576323K [0x0000000080000000, 0x0000000100000000)
  region size 1024K, 624 young (638976K), 3 survivors (3072K)
 Metaspace       used 155719K, committed 160128K, reserved 1245184K
  class space    used 20594K, committed 22528K, reserved 1048576K
}
Event: 2889.662 GC heap after
{Heap after GC invocations=69 (full 0):
 garbage-first heap   total 1585152K, used 135024K [0x0000000080000000, 0x0000000100000000)
  region size 1024K, 2 young (2048K), 2 survivors (2048K)
 Metaspace       used 155719K, committed 160128K, reserved 1245184K
  class space    used 20594K, committed 22528K, reserved 1048576K
}
Event: 2892.744 GC heap before
{Heap before GC invocations=69 (full 0):
 garbage-first heap   total 1585152K, used 440176K [0x0000000080000000, 0x0000000100000000)
  region size 1024K, 302 young (309248K), 2 survivors (2048K)
 Metaspace       used 155750K, committed 160128K, reserved 1245184K
  class space    used 20594K, committed 22528K, reserved 1048576K
}
Event: 2892.752 GC heap after
{Heap after GC invocations=70 (full 0):
 garbage-first heap   total 1585152K, used 147375K [0x0000000080000000, 0x0000000100000000)
  region size 1024K, 14 young (14336K), 14 survivors (14336K)
 Metaspace       used 155750K, committed 160128K, reserved 1245184K
  class space    used 20594K, committed 22528K, reserved 1048576K
}
Event: 2957.395 GC heap before
{Heap before GC invocations=71 (full 0):
 garbage-first heap   total 1318912K, used 1316783K [0x0000000080000000, 0x0000000100000000)
  region size 1024K, 375 young (384000K), 14 survivors (14336K)
 Metaspace       used 155991K, committed 160192K, reserved 1245184K
  class space    used 20603K, committed 22528K, reserved 1048576K
}
Event: 2957.400 GC heap after
{Heap after GC invocations=72 (full 0):
 garbage-first heap   total 1323008K, used 136476K [0x0000000080000000, 0x0000000100000000)
  region size 1024K, 3 young (3072K), 3 survivors (3072K)
 Metaspace       used 155991K, committed 160192K, reserved 1245184K
  class space    used 20603K, committed 22528K, reserved 1048576K
}
Event: 3039.497 GC heap before
{Heap before GC invocations=72 (full 0):
 garbage-first heap   total 1572864K, used 1570076K [0x0000000080000000, 0x0000000100000000)
  region size 1024K, 622 young (636928K), 3 survivors (3072K)
 Metaspace       used 156115K, committed 160192K, reserved 1245184K
  class space    used 20603K, committed 22528K, reserved 1048576K
}
Event: 3039.511 GC heap after
{Heap after GC invocations=73 (full 0):
 garbage-first heap   total 1581056K, used 132741K [0x0000000080000000, 0x0000000100000000)
  region size 1024K, 3 young (3072K), 3 survivors (3072K)
 Metaspace       used 156115K, committed 160192K, reserved 1245184K
  class space    used 20603K, committed 22528K, reserved 1048576K
}
Event: 3042.652 GC heap before
{Heap before GC invocations=73 (full 0):
 garbage-first heap   total 1581056K, used 432773K [0x0000000080000000, 0x0000000100000000)
  region size 1024K, 298 young (305152K), 3 survivors (3072K)
 Metaspace       used 156203K, committed 160192K, reserved 1245184K
  class space    used 20604K, committed 22528K, reserved 1048576K
}
Event: 3042.660 GC heap after
{Heap after GC invocations=74 (full 0):
 garbage-first heap   total 1581056K, used 144518K [0x0000000080000000, 0x0000000100000000)
  region size 1024K, 14 young (14336K), 14 survivors (14336K)
 Metaspace       used 156203K, committed 160192K, reserved 1245184K
  class space    used 20604K, committed 22528K, reserved 1048576K
}
Event: 6642.763 GC heap before
{Heap before GC invocations=75 (full 0):
 garbage-first heap   total 1549312K, used 1541254K [0x0000000080000000, 0x0000000100000000)
  region size 1024K, 598 young (612352K), 14 survivors (14336K)
 Metaspace       used 157056K, committed 160256K, reserved 1245184K
  class space    used 20725K, committed 22528K, reserved 1048576K
}
Event: 6642.878 GC heap after
{Heap after GC invocations=76 (full 1):
 garbage-first heap   total 427008K, used 117962K [0x0000000080000000, 0x0000000100000000)
  region size 1024K, 0 young (0K), 0 survivors (0K)
 Metaspace       used 157056K, committed 160256K, reserved 1245184K
  class space    used 20725K, committed 22528K, reserved 1048576K
}
Event: 7261.599 GC heap before
{Heap before GC invocations=76 (full 1):
 garbage-first heap   total 427008K, used 137418K [0x0000000080000000, 0x0000000100000000)
  region size 1024K, 20 young (20480K), 0 survivors (0K)
 Metaspace       used 157160K, committed 160256K, reserved 1245184K
  class space    used 20747K, committed 22528K, reserved 1048576K
}
Event: 7261.602 GC heap after
{Heap after GC invocations=77 (full 1):
 garbage-first heap   total 427008K, used 119985K [0x0000000080000000, 0x0000000100000000)
  region size 1024K, 2 young (2048K), 2 survivors (2048K)
 Metaspace       used 157160K, committed 160256K, reserved 1245184K
  class space    used 20747K, committed 22528K, reserved 1048576K
}

Dll operation events (3 events):
Event: 0.016 Loaded shared library H:\Program Files\Android\Android Studio\jbr\bin\java.dll
Event: 0.026 Loaded shared library H:\Program Files\Android\Android Studio\jbr\bin\zip.dll
Event: 0.530 Loaded shared library H:\Program Files\Android\Android Studio\jbr\bin\verify.dll

Deoptimization events (20 events):
Event: 7261.536 Thread 0x0000024d0df72190 Uncommon trap: trap_request=0xfffffff4 fr.pc=0x0000024d62beab78 relative=0x0000000000000d78
Event: 7261.536 Thread 0x0000024d0df72190 Uncommon trap: reason=null_check action=make_not_entrant pc=0x0000024d62beab78 method=java.lang.Class.reflectionData()Ljava/lang/Class$ReflectionData; @ 18 c2
Event: 7261.536 Thread 0x0000024d0df72190 DEOPT PACKING pc=0x0000024d62beab78 sp=0x000000e1956fe1c0
Event: 7261.536 Thread 0x0000024d0df72190 DEOPT UNPACKING pc=0x0000024d622c46a2 sp=0x000000e1956fe0a0 mode 2
Event: 7261.545 Thread 0x0000024d0df72eb0 Uncommon trap: trap_request=0xffffffde fr.pc=0x0000024d64422924 relative=0x0000000000000604
Event: 7261.545 Thread 0x0000024d0df72eb0 Uncommon trap: reason=class_check action=maybe_recompile pc=0x0000024d64422924 method=com.google.common.collect.Sets$3$1.computeNext()Ljava/lang/Object; @ 4 c2
Event: 7261.545 Thread 0x0000024d0df72eb0 DEOPT PACKING pc=0x0000024d64422924 sp=0x000000e1968fee40
Event: 7261.545 Thread 0x0000024d0df72eb0 DEOPT UNPACKING pc=0x0000024d622c46a2 sp=0x000000e1968fee10 mode 2
Event: 7261.577 Thread 0x0000024d0df72eb0 Uncommon trap: trap_request=0xffffff45 fr.pc=0x0000024d629fd978 relative=0x00000000000001b8
Event: 7261.577 Thread 0x0000024d0df72eb0 Uncommon trap: reason=unstable_if action=reinterpret pc=0x0000024d629fd978 method=java.net.URI.decode(Ljava/lang/String;Z)Ljava/lang/String; @ 23 c2
Event: 7261.577 Thread 0x0000024d0df72eb0 DEOPT PACKING pc=0x0000024d629fd978 sp=0x000000e1968fc4d0
Event: 7261.577 Thread 0x0000024d0df72eb0 DEOPT UNPACKING pc=0x0000024d622c46a2 sp=0x000000e1968fc428 mode 2
Event: 7261.587 Thread 0x0000024d0df72eb0 Uncommon trap: trap_request=0xffffffc6 fr.pc=0x0000024d631478f0 relative=0x0000000000002890
Event: 7261.587 Thread 0x0000024d0df72eb0 Uncommon trap: reason=bimorphic_or_optimized_type_check action=maybe_recompile pc=0x0000024d631478f0 method=com.google.common.cache.LocalCache$Segment.setValue(Lcom/google/common/cache/ReferenceEntry;Ljava/lang/Object;Ljava/lang/Object;J)V @ 51 c2
Event: 7261.587 Thread 0x0000024d0df72eb0 DEOPT PACKING pc=0x0000024d631478f0 sp=0x000000e1968fcad0
Event: 7261.587 Thread 0x0000024d0df72eb0 DEOPT UNPACKING pc=0x0000024d622c46a2 sp=0x000000e1968fc9c8 mode 2
Event: 7261.614 Thread 0x0000024d0df72eb0 Uncommon trap: trap_request=0xffffffde fr.pc=0x0000024d6434cb60 relative=0x0000000000000cc0
Event: 7261.614 Thread 0x0000024d0df72eb0 Uncommon trap: reason=class_check action=maybe_recompile pc=0x0000024d6434cb60 method=java.util.concurrent.ConcurrentHashMap.merge(Ljava/lang/Object;Ljava/lang/Object;Ljava/util/function/BiFunction;)Ljava/lang/Object; @ 21 c2
Event: 7261.614 Thread 0x0000024d0df72eb0 DEOPT PACKING pc=0x0000024d6434cb60 sp=0x000000e1968fbd70
Event: 7261.614 Thread 0x0000024d0df72eb0 DEOPT UNPACKING pc=0x0000024d622c46a2 sp=0x000000e1968fbd18 mode 2

Classes loaded (20 events):
Event: 666.006 Loading class java/lang/StackStreamFactory$WalkerState
Event: 666.006 Loading class java/lang/StackStreamFactory$WalkerState done
Event: 666.006 Loading class java/lang/StackStreamFactory$StackFrameTraverser$StackFrameBuffer
Event: 666.006 Loading class java/lang/StackStreamFactory$FrameBuffer
Event: 666.006 Loading class java/lang/StackStreamFactory$FrameBuffer done
Event: 666.006 Loading class java/lang/StackStreamFactory$StackFrameTraverser$StackFrameBuffer done
Event: 666.007 Loading class java/util/logging/LogRecord
Event: 666.007 Loading class java/util/logging/LogRecord done
Event: 841.333 Loading class java/rmi/server/Unreferenced
Event: 841.333 Loading class java/rmi/server/Unreferenced done
Event: 2843.042 Loading class java/time/format/DateTimePrintContext
Event: 2843.043 Loading class java/time/format/DateTimePrintContext done
Event: 2843.043 Loading class java/time/temporal/WeekFields
Event: 2843.043 Loading class java/time/temporal/WeekFields done
Event: 2843.043 Loading class java/time/temporal/WeekFields$ComputedDayOfField
Event: 2843.044 Loading class java/time/temporal/WeekFields$ComputedDayOfField done
Event: 2843.044 Loading class java/time/format/DateTimeFormatterBuilder$2
Event: 2843.044 Loading class java/time/format/DateTimeFormatterBuilder$2 done
Event: 2843.044 Loading class java/time/LocalTime$1
Event: 2843.044 Loading class java/time/LocalTime$1 done

Classes unloaded (20 events):
Event: 7261.634 Thread 0x0000024d70bb4140 Unloading class 0x0000000100768800 'java/lang/invoke/LambdaForm$DMH+0x0000000100768800'
Event: 7261.634 Thread 0x0000024d70bb4140 Unloading class 0x0000000100762800 'java/lang/invoke/LambdaForm$MH+0x0000000100762800'
Event: 7261.634 Thread 0x0000024d70bb4140 Unloading class 0x0000000100762400 'java/lang/invoke/LambdaForm$MH+0x0000000100762400'
Event: 7261.634 Thread 0x0000024d70bb4140 Unloading class 0x0000000100758000 'java/lang/invoke/LambdaForm$DMH+0x0000000100758000'
Event: 7261.634 Thread 0x0000024d70bb4140 Unloading class 0x0000000100714000 'java/lang/invoke/LambdaForm$MH+0x0000000100714000'
Event: 7261.634 Thread 0x0000024d70bb4140 Unloading class 0x0000000100713c00 'java/lang/invoke/LambdaForm$MH+0x0000000100713c00'
Event: 7261.634 Thread 0x0000024d70bb4140 Unloading class 0x0000000100712800 'java/lang/invoke/LambdaForm$MH+0x0000000100712800'
Event: 7261.634 Thread 0x0000024d70bb4140 Unloading class 0x0000000100712400 'java/lang/invoke/LambdaForm$MH+0x0000000100712400'
Event: 7261.634 Thread 0x0000024d70bb4140 Unloading class 0x00000001006c9000 'java/lang/invoke/LambdaForm$MH+0x00000001006c9000'
Event: 7261.634 Thread 0x0000024d70bb4140 Unloading class 0x00000001006c8c00 'java/lang/invoke/LambdaForm$MH+0x00000001006c8c00'
Event: 7261.634 Thread 0x0000024d70bb4140 Unloading class 0x00000001006b2000 'java/lang/invoke/LambdaForm$MH+0x00000001006b2000'
Event: 7261.634 Thread 0x0000024d70bb4140 Unloading class 0x00000001006b0000 'org/gradle/api/plugins/ExtraPropertiesExtension$has'
Event: 7261.634 Thread 0x0000024d70bb4140 Unloading class 0x00000001005b5400 'java/lang/invoke/LambdaForm$MH+0x00000001005b5400'
Event: 7261.634 Thread 0x0000024d70bb4140 Unloading class 0x000000010034a800 'java/lang/invoke/LambdaForm$MH+0x000000010034a800'
Event: 7261.634 Thread 0x0000024d70bb4140 Unloading class 0x000000010034a400 'java/lang/invoke/LambdaForm$MH+0x000000010034a400'
Event: 7261.634 Thread 0x0000024d70bb4140 Unloading class 0x00000001001c8000 'java/lang/invoke/LambdaForm$MH+0x00000001001c8000'
Event: 7261.634 Thread 0x0000024d70bb4140 Unloading class 0x00000001001c1000 'java/lang/invoke/LambdaForm$MH+0x00000001001c1000'
Event: 7261.634 Thread 0x0000024d70bb4140 Unloading class 0x0000000100108400 'java/lang/invoke/LambdaForm$MH+0x0000000100108400'
Event: 7261.634 Thread 0x0000024d70bb4140 Unloading class 0x00000001000c1800 'java/lang/invoke/LambdaForm$MH+0x00000001000c1800'
Event: 7261.634 Thread 0x0000024d70bb4140 Unloading class 0x0000000100000400 'java/lang/invoke/LambdaForm$MH+0x0000000100000400'

Classes redefined (0 events):
No events

Internal exceptions (20 events):
Event: 6400.363 Thread 0x0000024d7c1a0b80 Exception <a 'sun/nio/fs/WindowsException'{0x00000000ad8adb28}> (0x00000000ad8adb28) 
thrown [s\src\hotspot\share\prims\jni.cpp, line 537]
Event: 6400.375 Thread 0x0000024d7c1a25c0 Exception <a 'sun/nio/fs/WindowsException'{0x00000000ad5f8418}> (0x00000000ad5f8418) 
thrown [s\src\hotspot\share\prims\jni.cpp, line 537]
Event: 6400.406 Thread 0x0000024d7c1a18a0 Exception <a 'sun/nio/fs/WindowsException'{0x00000000acfe84a0}> (0x00000000acfe84a0) 
thrown [s\src\hotspot\share\prims\jni.cpp, line 537]
Event: 6400.507 Thread 0x0000024d06fcce80 Exception <a 'sun/nio/fs/WindowsException'{0x00000000ac996740}> (0x00000000ac996740) 
thrown [s\src\hotspot\share\prims\jni.cpp, line 537]
Event: 6400.575 Thread 0x0000024d7e17ff00 Exception <a 'sun/nio/fs/WindowsException'{0x00000000ac0f9a28}> (0x00000000ac0f9a28) 
thrown [s\src\hotspot\share\prims\jni.cpp, line 537]
Event: 6401.188 Thread 0x0000024d05769860 Exception <a 'sun/nio/fs/WindowsException'{0x00000000881b66b0}> (0x00000000881b66b0) 
thrown [s\src\hotspot\share\prims\jni.cpp, line 537]
Event: 6401.191 Thread 0x0000024d05769860 Exception <a 'sun/nio/fs/WindowsException'{0x00000000881d7b28}> (0x00000000881d7b28) 
thrown [s\src\hotspot\share\prims\jni.cpp, line 537]
Event: 6401.289 Thread 0x0000024d05f79220 Exception <a 'sun/nio/fs/WindowsException'{0x00000000867c6798}> (0x00000000867c6798) 
thrown [s\src\hotspot\share\prims\jni.cpp, line 537]
Event: 6401.290 Thread 0x0000024d05f79220 Exception <a 'sun/nio/fs/WindowsException'{0x00000000867c7300}> (0x00000000867c7300) 
thrown [s\src\hotspot\share\prims\jni.cpp, line 537]
Event: 6401.290 Thread 0x0000024d05f79220 Exception <a 'sun/nio/fs/WindowsException'{0x00000000867c7ec0}> (0x00000000867c7ec0) 
thrown [s\src\hotspot\share\prims\jni.cpp, line 537]
Event: 6401.290 Thread 0x0000024d05f79220 Exception <a 'sun/nio/fs/WindowsException'{0x00000000867d2dd0}> (0x00000000867d2dd0) 
thrown [s\src\hotspot\share\prims\jni.cpp, line 537]
Event: 7259.243 Thread 0x0000024d0df72820 Exception <a 'java/lang/NoSuchMethodError'{0x0000000098fd2800}: static Lorg/gradle/launcher/daemon/protocol/Command;.<clinit>()V> (0x0000000098fd2800) 
thrown [s\src\hotspot\share\prims\jni.cpp, line 1144]
Event: 7259.244 Thread 0x0000024d0df72820 Exception <a 'java/lang/NoSuchMethodError'{0x0000000098fdd5f0}: static Lorg/gradle/launcher/daemon/protocol/InvalidateVirtualFileSystemAfterChange;.<clinit>()V> (0x0000000098fdd5f0) 
thrown [s\src\hotspot\share\prims\jni.cpp, line 1144]
Event: 7261.536 Thread 0x0000024d0df72190 Implicit null exception at 0x0000024d62be9e6b to 0x0000024d62beab60
Event: 7261.538 Thread 0x0000024d0df72190 Exception <a 'java/lang/NoSuchMethodError'{0x0000000098e14508}: static Lorg/gradle/tooling/internal/provider/serialization/ClassLoaderDetails;.<clinit>()V> (0x0000000098e14508) 
thrown [s\src\hotspot\share\prims\jni.cpp, line 1144]
Event: 7261.538 Thread 0x0000024d0df72190 Exception <a 'java/lang/NoSuchMethodError'{0x0000000098e1d780}: static Lorg/gradle/internal/classloader/ClassLoaderSpec;.<clinit>()V> (0x0000000098e1d780) 
thrown [s\src\hotspot\share\prims\jni.cpp, line 1144]
Event: 7261.538 Thread 0x0000024d0df72190 Exception <a 'java/lang/NoSuchMethodError'{0x0000000098e27418}: static Lorg/gradle/tooling/internal/provider/serialization/WellKnownClassLoaderRegistry$KnownClassLoaderSpec;.<clinit>()V> (0x0000000098e27418) 
thrown [s\src\hotspot\share\prims\jni.cpp, line 1144]
Event: 7261.539 Thread 0x0000024d0df72190 Exception <a 'java/lang/NoSuchMethodError'{0x0000000098e35ac0}: static Lorg/gradle/tooling/internal/provider/serialization/ClientOwnedClassLoaderSpec;.<clinit>()V> (0x0000000098e35ac0) 
thrown [s\src\hotspot\share\prims\jni.cpp, line 1144]
Event: 7261.616 Thread 0x0000024d0df72eb0 Exception <a 'java/lang/NoSuchMethodError'{0x000000009993b3e8}: static Lorg/gradle/tooling/internal/consumer/connection/InternalPhasedActionAdapter;.<clinit>()V> (0x000000009993b3e8) 
thrown [s\src\hotspot\share\prims\jni.cpp, line 1144]
Event: 7261.622 Thread 0x0000024d0df72eb0 Exception <a 'java/lang/NoSuchMethodError'{0x000000009996cde0}: static Lorg/gradle/tooling/internal/consumer/connection/InternalBuildActionAdapter;.<clinit>()V> (0x000000009996cde0) 
thrown [s\src\hotspot\share\prims\jni.cpp, line 1144]

ZGC Phase Switch (0 events):
No events

VM Operations (20 events):
Event: 6401.350 Executing VM operation: Cleanup done
Event: 6432.017 Executing VM operation: HandshakeAllThreads (HandshakeForDeflation)
Event: 6432.017 Executing VM operation: HandshakeAllThreads (HandshakeForDeflation) done
Event: 6432.017 Executing VM operation: RendezvousGCThreads
Event: 6432.017 Executing VM operation: RendezvousGCThreads done
Event: 6642.763 Executing VM operation: G1CollectFull (System.gc())
Event: 6642.879 Executing VM operation: G1CollectFull (System.gc()) done
Event: 6712.502 Executing VM operation: Cleanup
Event: 6712.502 Executing VM operation: Cleanup done
Event: 7259.612 Executing VM operation: Cleanup
Event: 7259.612 Executing VM operation: Cleanup done
Event: 7261.573 Executing VM operation: HandshakeAllThreads (Deoptimize)
Event: 7261.573 Executing VM operation: HandshakeAllThreads (Deoptimize) done
Event: 7261.573 Executing VM operation: Cleanup
Event: 7261.573 Executing VM operation: Cleanup done
Event: 7261.575 Executing VM operation: HandshakeAllThreads (Deoptimize)
Event: 7261.575 Executing VM operation: HandshakeAllThreads (Deoptimize) done
Event: 7261.599 Executing VM operation: G1TryInitiateConcMark (G1 Humongous Allocation)
Event: 7261.602 Executing VM operation: G1TryInitiateConcMark (G1 Humongous Allocation) done
Event: 7261.633 Executing VM operation: G1PauseRemark

Memory protections (0 events):
No events

Nmethod flushes (20 events):
Event: 6642.800 Thread 0x0000024d70bb4140 flushing  nmethod 0x0000024d5ce7b410
Event: 6642.800 Thread 0x0000024d70bb4140 flushing  nmethod 0x0000024d5ce7cd10
Event: 6642.800 Thread 0x0000024d70bb4140 flushing  nmethod 0x0000024d5cffaf10
Event: 6642.800 Thread 0x0000024d70bb4140 flushing  nmethod 0x0000024d5cffbe10
Event: 6642.800 Thread 0x0000024d70bb4140 flushing  nmethod 0x0000024d5d001b90
Event: 6642.800 Thread 0x0000024d70bb4140 flushing  nmethod 0x0000024d5d17e610
Event: 6642.800 Thread 0x0000024d70bb4140 flushing  nmethod 0x0000024d5d319790
Event: 6642.800 Thread 0x0000024d70bb4140 flushing  nmethod 0x0000024d5d319c10
Event: 6642.800 Thread 0x0000024d70bb4140 flushing  nmethod 0x0000024d5d328f90
Event: 6642.800 Thread 0x0000024d70bb4140 flushing  nmethod 0x0000024d5d335310
Event: 6642.800 Thread 0x0000024d70bb4140 flushing  nmethod 0x0000024d5d53ff10
Event: 6642.800 Thread 0x0000024d70bb4140 flushing  nmethod 0x0000024d5d540690
Event: 6642.800 Thread 0x0000024d70bb4140 flushing  nmethod 0x0000024d5d545210
Event: 6642.800 Thread 0x0000024d70bb4140 flushing  nmethod 0x0000024d5d549910
Event: 6642.800 Thread 0x0000024d70bb4140 flushing  nmethod 0x0000024d5d729090
Event: 6642.800 Thread 0x0000024d70bb4140 flushing  nmethod 0x0000024d5d81ca90
Event: 6642.800 Thread 0x0000024d70bb4140 flushing  nmethod 0x0000024d5d81d110
Event: 6642.800 Thread 0x0000024d70bb4140 flushing  nmethod 0x0000024d5d934890
Event: 6642.800 Thread 0x0000024d70bb4140 flushing  nmethod 0x0000024d5d935a10
Event: 6642.800 Thread 0x0000024d70bb4140 flushing  nmethod 0x0000024d5da85c90

Events (20 events):
Event: 7261.546 Thread 0x0000024d0df72eb0 Thread added: 0x0000024d7d7a3570
Event: 7261.553 Thread 0x0000024d70c74290 Thread added: 0x0000024d052d2de0
Event: 7261.555 Thread 0x0000024d0df72eb0 Thread added: 0x0000024d7d7a4920
Event: 7261.557 Thread 0x0000024d0df72eb0 Thread added: 0x0000024d7d7a2850
Event: 7261.583 Thread 0x0000024d0df72eb0 Thread added: 0x0000024d7c8c85c0
Event: 7261.583 Thread 0x0000024d0df72eb0 Thread added: 0x0000024d7c8c8c50
Event: 7261.583 Thread 0x0000024d0df72eb0 Thread added: 0x0000024d7c8c92e0
Event: 7261.583 Thread 0x0000024d0df72eb0 Thread added: 0x0000024d7c8c7f30
Event: 7261.583 Thread 0x0000024d0df72eb0 Thread added: 0x0000024d05f07d00
Event: 7261.583 Thread 0x0000024d0df72eb0 Thread added: 0x0000024d05f08390
Event: 7261.583 Thread 0x0000024d0df72eb0 Thread added: 0x0000024d05f08a20
Event: 7261.583 Thread 0x0000024d0df72eb0 Thread added: 0x0000024d05f07670
Event: 7261.584 Thread 0x0000024d0df72eb0 Thread added: 0x0000024d05f090b0
Event: 7261.584 Thread 0x0000024d0df72eb0 Thread added: 0x0000024d05f09740
Event: 7261.584 Thread 0x0000024d0df72eb0 Thread added: 0x0000024d05f09dd0
Event: 7261.584 Thread 0x0000024d0df72eb0 Thread added: 0x0000024d05f0a460
Event: 7261.584 Thread 0x0000024d0df72eb0 Thread added: 0x0000024d05f06fe0
Event: 7261.584 Thread 0x0000024d0df72eb0 Thread added: 0x0000024d793622f0
Event: 7261.584 Thread 0x0000024d0df72eb0 Thread added: 0x0000024d79360220
Event: 7261.584 Thread 0x0000024d0df72eb0 Thread added: 0x0000024d79362980


Dynamic libraries:
0x00007ff76ef40000 - 0x00007ff76ef4a000 	H:\Program Files\Android\Android Studio\jbr\bin\java.exe
0x00007ffea3a10000 - 0x00007ffea3c08000 	C:\WINDOWS\SYSTEM32\ntdll.dll
0x00007ffea1a30000 - 0x00007ffea1af2000 	C:\WINDOWS\System32\KERNEL32.DLL
0x00007ffea12b0000 - 0x00007ffea15a6000 	C:\WINDOWS\System32\KERNELBASE.dll
0x00007ffea10d0000 - 0x00007ffea11d0000 	C:\WINDOWS\System32\ucrtbase.dll
0x00007ffe5c290000 - 0x00007ffe5c2ab000 	H:\Program Files\Android\Android Studio\jbr\bin\VCRUNTIME140.dll
0x00007ffe77fa0000 - 0x00007ffe77fb8000 	H:\Program Files\Android\Android Studio\jbr\bin\jli.dll
0x00007ffea3820000 - 0x00007ffea39c1000 	C:\WINDOWS\System32\USER32.dll
0x00007ffea1650000 - 0x00007ffea1672000 	C:\WINDOWS\System32\win32u.dll
0x00007ffe80a30000 - 0x00007ffe80ccb000 	C:\WINDOWS\WinSxS\amd64_microsoft.windows.common-controls_6595b64144ccf1df_6.0.19041.6456_none_60b8a6cb71f64256\COMCTL32.dll
0x00007ffea3500000 - 0x00007ffea352b000 	C:\WINDOWS\System32\GDI32.dll
0x00007ffea1680000 - 0x00007ffea1799000 	C:\WINDOWS\System32\gdi32full.dll
0x00007ffea3100000 - 0x00007ffea319e000 	C:\WINDOWS\System32\msvcrt.dll
0x00007ffea15b0000 - 0x00007ffea164d000 	C:\WINDOWS\System32\msvcp_win.dll
0x00007ffea32e0000 - 0x00007ffea330f000 	C:\WINDOWS\System32\IMM32.DLL
0x00007ffe6b390000 - 0x00007ffe6b39c000 	H:\Program Files\Android\Android Studio\jbr\bin\vcruntime140_1.dll
0x00007ffe2be00000 - 0x00007ffe2be8d000 	H:\Program Files\Android\Android Studio\jbr\bin\msvcp140.dll
0x00007ffe0a8d0000 - 0x00007ffe0b566000 	H:\Program Files\Android\Android Studio\jbr\bin\server\jvm.dll
0x00007ffea2830000 - 0x00007ffea28e1000 	C:\WINDOWS\System32\ADVAPI32.dll
0x00007ffea2020000 - 0x00007ffea20bf000 	C:\WINDOWS\System32\sechost.dll
0x00007ffea33e0000 - 0x00007ffea3500000 	C:\WINDOWS\System32\RPCRT4.dll
0x00007ffea10a0000 - 0x00007ffea10c7000 	C:\WINDOWS\System32\bcrypt.dll
0x00007ffea3080000 - 0x00007ffea30eb000 	C:\WINDOWS\System32\WS2_32.dll
0x00007ffea05a0000 - 0x00007ffea05eb000 	C:\WINDOWS\SYSTEM32\POWRPROF.dll
0x00007ffe99ad0000 - 0x00007ffe99ada000 	C:\WINDOWS\SYSTEM32\VERSION.dll
0x00007ffe96070000 - 0x00007ffe96097000 	C:\WINDOWS\SYSTEM32\WINMM.dll
0x00007ffea0460000 - 0x00007ffea0472000 	C:\WINDOWS\SYSTEM32\UMPDC.dll
0x00007ffe9f8c0000 - 0x00007ffe9f8d2000 	C:\WINDOWS\SYSTEM32\kernel.appcore.dll
0x00007ffe684f0000 - 0x00007ffe684fa000 	H:\Program Files\Android\Android Studio\jbr\bin\jimage.dll
0x00007ffe9f3d0000 - 0x00007ffe9f5d1000 	C:\WINDOWS\SYSTEM32\DBGHELP.DLL
0x00007ffe96f70000 - 0x00007ffe96fa4000 	C:\WINDOWS\SYSTEM32\dbgcore.DLL
0x00007ffea1220000 - 0x00007ffea12a2000 	C:\WINDOWS\System32\bcryptPrimitives.dll
0x00007ffe957b0000 - 0x00007ffe957be000 	H:\Program Files\Android\Android Studio\jbr\bin\instrument.dll
0x00007ffe4fda0000 - 0x00007ffe4fdc0000 	H:\Program Files\Android\Android Studio\jbr\bin\java.dll
0x00007ffe4e3d0000 - 0x00007ffe4e3e8000 	H:\Program Files\Android\Android Studio\jbr\bin\zip.dll
0x00007ffea20c0000 - 0x00007ffea2830000 	C:\WINDOWS\System32\SHELL32.dll
0x00007ffe9e2c0000 - 0x00007ffe9ea65000 	C:\WINDOWS\SYSTEM32\windows.storage.dll
0x00007ffea1b00000 - 0x00007ffea1e54000 	C:\WINDOWS\System32\combase.dll
0x00007ffea09f0000 - 0x00007ffea0a1b000 	C:\WINDOWS\SYSTEM32\Wldp.dll
0x00007ffea3310000 - 0x00007ffea33dd000 	C:\WINDOWS\System32\OLEAUT32.dll
0x00007ffea2b00000 - 0x00007ffea2bad000 	C:\WINDOWS\System32\SHCORE.dll
0x00007ffea3020000 - 0x00007ffea307b000 	C:\WINDOWS\System32\shlwapi.dll
0x00007ffea0fd0000 - 0x00007ffea0ff4000 	C:\WINDOWS\SYSTEM32\profapi.dll
0x00007ffe68320000 - 0x00007ffe68330000 	H:\Program Files\Android\Android Studio\jbr\bin\net.dll
0x00007ffe9a910000 - 0x00007ffe9aa1a000 	C:\WINDOWS\SYSTEM32\WINHTTP.dll
0x00007ffea07d0000 - 0x00007ffea083a000 	C:\WINDOWS\system32\mswsock.dll
0x00007ffe67dc0000 - 0x00007ffe67dd6000 	H:\Program Files\Android\Android Studio\jbr\bin\nio.dll
0x00007ffe3f550000 - 0x00007ffe3f560000 	H:\Program Files\Android\Android Studio\jbr\bin\verify.dll
0x00007ffe957f0000 - 0x00007ffe95817000 	C:\Users\L0YD\.gradle\native\1def1411415f61bf3af743bc5b6707747c0891f09f0c88961ee8f79bc544acac\windows-amd64\native-platform.dll
0x00007ffe527d0000 - 0x00007ffe52848000 	C:\Users\L0YD\.gradle\native\0.2.7\x86_64-windows-gnu\gradle-fileevents.dll
0x00007ffe426f0000 - 0x00007ffe426f9000 	H:\Program Files\Android\Android Studio\jbr\bin\management.dll
0x00007ffe404c0000 - 0x00007ffe404cb000 	H:\Program Files\Android\Android Studio\jbr\bin\management_ext.dll
0x00007ffea29b0000 - 0x00007ffea29b8000 	C:\WINDOWS\System32\PSAPI.DLL
0x00007ffea0480000 - 0x00007ffea04bb000 	C:\WINDOWS\SYSTEM32\IPHLPAPI.DLL
0x00007ffea30f0000 - 0x00007ffea30f8000 	C:\WINDOWS\System32\NSI.dll
0x00007ffe4e330000 - 0x00007ffe4e339000 	H:\Program Files\Android\Android Studio\jbr\bin\extnet.dll
0x00007ffea0a30000 - 0x00007ffea0a48000 	C:\WINDOWS\SYSTEM32\CRYPTSP.dll
0x00007ffea00a0000 - 0x00007ffea00d8000 	C:\WINDOWS\system32\rsaenh.dll
0x00007ffea0f90000 - 0x00007ffea0fbe000 	C:\WINDOWS\SYSTEM32\USERENV.dll
0x00007ffea0960000 - 0x00007ffea096c000 	C:\WINDOWS\SYSTEM32\CRYPTBASE.dll
0x00007ffe5c280000 - 0x00007ffe5c287000 	C:\WINDOWS\system32\wshunix.dll
0x00007ffe6d370000 - 0x00007ffe6d387000 	C:\WINDOWS\system32\napinsp.dll
0x00007ffe6d350000 - 0x00007ffe6d36b000 	C:\WINDOWS\system32\pnrpnsp.dll
0x00007ffe6eb20000 - 0x00007ffe6eb3d000 	C:\WINDOWS\system32\wshbth.dll
0x00007ffe9b980000 - 0x00007ffe9b99d000 	C:\WINDOWS\system32\NLAapi.dll
0x00007ffea04c0000 - 0x00007ffea058a000 	C:\WINDOWS\SYSTEM32\DNSAPI.dll
0x00007ffe6d330000 - 0x00007ffe6d342000 	C:\WINDOWS\System32\winrnr.dll
0x00007ffe99520000 - 0x00007ffe9952a000 	C:\Windows\System32\rasadhlp.dll
0x00007ffe9a1e0000 - 0x00007ffe9a260000 	C:\WINDOWS\System32\fwpuclnt.dll
0x00007ffe9c090000 - 0x00007ffe9c124000 	C:\WINDOWS\system32\apphelp.dll
0x00007ffe952d0000 - 0x00007ffe952ee000 	C:\Users\L0YD\AppData\Local\Temp\native-platform13596514645509582794dir\native-platform.dll
0x00007ffea02f0000 - 0x00007ffea0323000 	C:\WINDOWS\SYSTEM32\ntmarta.dll
0x00007ffe9b880000 - 0x00007ffe9b887000 	H:\Program Files\Android\Android Studio\jbr\bin\rmi.dll

JVMTI agents:
C:\Users\L0YD\.gradle\wrapper\dists\gradle-8.13-bin\5xuhj0ry160q40clulazy9h7d\gradle-8.13\lib\agents\gradle-instrumentation-agent-8.13.jar path:H:\Program Files\Android\Android Studio\jbr\bin\instrument.dll, loaded, initialized, instrumentlib options:none

dbghelp: loaded successfully - version: 4.0.5 - missing functions: none
symbol engine: initialized successfully - sym options: 0x614 - pdb path: .;H:\Program Files\Android\Android Studio\jbr\bin;C:\WINDOWS\SYSTEM32;C:\WINDOWS\WinSxS\amd64_microsoft.windows.common-controls_6595b64144ccf1df_6.0.19041.6456_none_60b8a6cb71f64256;H:\Program Files\Android\Android Studio\jbr\bin\server;C:\Users\L0YD\.gradle\native\1def1411415f61bf3af743bc5b6707747c0891f09f0c88961ee8f79bc544acac\windows-amd64;C:\Users\L0YD\.gradle\native\0.2.7\x86_64-windows-gnu;C:\Users\L0YD\AppData\Local\Temp\native-platform13596514645509582794dir

VM Arguments:
jvm_args: --add-opens=java.base/java.lang=ALL-UNNAMED --add-opens=java.base/java.lang.invoke=ALL-UNNAMED --add-opens=java.base/java.util=ALL-UNNAMED --add-opens=java.prefs/java.util.prefs=ALL-UNNAMED --add-exports=jdk.compiler/com.sun.tools.javac.api=ALL-UNNAMED --add-exports=jdk.compiler/com.sun.tools.javac.util=ALL-UNNAMED --add-opens=java.base/java.util=ALL-UNNAMED --add-opens=java.prefs/java.util.prefs=ALL-UNNAMED --add-opens=java.base/java.nio.charset=ALL-UNNAMED --add-opens=java.base/java.net=ALL-UNNAMED --add-opens=java.base/java.util.concurrent.atomic=ALL-UNNAMED --add-opens=java.xml/javax.xml.namespace=ALL-UNNAMED -Xmx2048m -Dfile.encoding=UTF-8 -Duser.country=US -Duser.language=en -Duser.variant -javaagent:C:\Users\L0YD\.gradle\wrapper\dists\gradle-8.13-bin\5xuhj0ry160q40clulazy9h7d\gradle-8.13\lib\agents\gradle-instrumentation-agent-8.13.jar 
java_command: org.gradle.launcher.daemon.bootstrap.GradleDaemon 8.13
java_class_path (initial): C:\Users\L0YD\.gradle\wrapper\dists\gradle-8.13-bin\5xuhj0ry160q40clulazy9h7d\gradle-8.13\lib\gradle-daemon-main-8.13.jar
Launcher Type: SUN_STANDARD

[Global flags]
     intx CICompilerCount                          = 12                                        {product} {ergonomic}
     uint ConcGCThreads                            = 5                                         {product} {ergonomic}
     uint G1ConcRefinementThreads                  = 18                                        {product} {ergonomic}
   size_t G1HeapRegionSize                         = 1048576                                   {product} {ergonomic}
    uintx GCDrainStackTargetSize                   = 64                                        {product} {ergonomic}
   size_t InitialHeapSize                          = 536870912                                 {product} {ergonomic}
   size_t MarkStackSize                            = 4194304                                   {product} {ergonomic}
   size_t MaxHeapSize                              = 2147483648                                {product} {command line}
   size_t MaxNewSize                               = 1287651328                                {product} {ergonomic}
   size_t MinHeapDeltaBytes                        = 1048576                                   {product} {ergonomic}
   size_t MinHeapSize                              = 8388608                                   {product} {ergonomic}
    uintx NonNMethodCodeHeapSize                   = 7602480                                {pd product} {ergonomic}
    uintx NonProfiledCodeHeapSize                  = 122027880                              {pd product} {ergonomic}
    uintx ProfiledCodeHeapSize                     = 122027880                              {pd product} {ergonomic}
    uintx ReservedCodeCacheSize                    = 251658240                              {pd product} {ergonomic}
     bool SegmentedCodeCache                       = true                                      {product} {ergonomic}
   size_t SoftMaxHeapSize                          = 2147483648                             {manageable} {ergonomic}
     bool UseCompressedOops                        = true                           {product lp64_product} {ergonomic}
     bool UseG1GC                                  = true                                      {product} {ergonomic}
     bool UseLargePagesIndividualAllocation        = false                                  {pd product} {ergonomic}

Logging:
Log output configuration:
 #0: stdout all=warning uptime,level,tags foldmultilines=false
 #1: stderr all=off uptime,level,tags foldmultilines=false

Environment Variables:
PATH=H:\CUDA 13\bin\x64;H:\CUDA 13\bin;C:\Program Files\Common Files\Oracle\Java\javapath;C:\Program Files (x86)\Common Files\Oracle\Java\java8path;C:\Program Files (x86)\Common Files\Oracle\Java\javapath;C:\Program Files\NVIDIA GPU Computing Toolkit\CUDA\v12.9\bin;C:\Program Files\NVIDIA GPU Computing Toolkit\CUDA\v12.9\libnvvp;C:\RETARD_ORACLE_install_folder\oracle21c\bin;C:\Program Files\Oculus\Support\oculus-runtime;C:\WINDOWS\system32;C:\WINDOWS;C:\WINDOWS\System32\Wbem;C:\WINDOWS\System32\WindowsPowerShell\v1.0\;C:\WINDOWS\System32\OpenSSH\;H:\Program Files\Polyspace\R2021a\runtime\win64;H:\Program Files\Polyspace\R2021a\bin;H:\Program Files\Polyspace\R2021a\polyspace\bin;C:\Program Files (x86)\Windows Kits\10\Windows Performance Toolkit\;C:\Program Files (x86)\Windows Kits\10\Microsoft Application Virtualization\Sequencer\;C:\Program Files\dotnet\;C:\Program Files\nodejs\;C:\ProgramData\chocolatey\bin;C:\Program Files (x86)\eParaksts Token Signing\;C:\Program Files (x86)\NVIDIA Corporation\PhysX\Common;H:\Program Files\Git\cmd;C:\Program Files (x86)\AMD\ATI.ACE\Core-Static;C:\Program Files\NVIDIA Corporation\Nsight Compute 2025.3.0\;C:\WINDOWS\system32;C:\WINDOWS;C:\WINDOWS\System32\Wbem;C:\WINDOWS\System32\WindowsPowerShell\v1.0\;C:\WINDOWS\System32\OpenSSH\;C:\Program Files\Docker\Docker\resources\bin;C:\Users\L0YD\AppData\Local\Programs\Python\Python313\Scripts\;C:\Users\L0YD\AppData\Local\Programs\Python\Python313\;C:\Users\L0YD\AppData\Local\Microsoft\WindowsApps;C:\Users\L0YD\AppData\Local\GitHubDesktop\bin;C:\Users\L0YD\AppData\Local\Microsoft\WinGet\Links;C:\Users\L0YD\AppData\Roaming\npm;C:\Program Files\JetBrains\PyCharm Community Edition 2024.3.5\bin;;C:\Users\L0YD\AppData\Local\Programs\Microsoft VS Code\bin;
USERNAME=L0YD
OS=Windows_NT
PROCESSOR_IDENTIFIER=AMD64 Family 23 Model 8 Stepping 2, AuthenticAMD
TMP=C:\Users\L0YD\AppData\Local\Temp
TEMP=C:\Users\L0YD\AppData\Local\Temp




Periodic native trim disabled

JNI global refs:
JNI global refs: 36, weak refs: 0

JNI global refs memory usage: 835, weak refs: 833

Process memory usage:
Resident Set Size: 497264K (1% of 33433060K total physical memory with 13883876K free physical memory)

OOME stack traces (most recent first):
Classloader memory used:
Loader org.gradle.internal.classloader.VisitableURLClassLoader$InstrumentingVisitableURLClassLoader: 58018K
Loader org.gradle.internal.classloader.VisitableURLClassLoader                         : 50691K
Loader bootstrap                                                                       : 31652K
Loader org.gradle.initialization.MixInLegacyTypesClassLoader                           : 14595K
Loader jdk.internal.loader.ClassLoaders$PlatformClassLoader                            : 526K
Loader jdk.internal.loader.ClassLoaders$AppClassLoader                                 : 242K
Loader jdk.internal.reflect.DelegatingClassLoader                                      : 227K
Loader org.gradle.internal.classloader.VisitableURLClassLoader                         : 146K
Loader org.gradle.groovy.scripts.internal.DefaultScriptCompilationHandler$ScriptClassLoader: 146K
Loader org.codehaus.groovy.runtime.callsite.CallSiteClassLoader                        : 3600B
Loader sun.reflect.misc.MethodUtil                                                     : 2984B


[error occurred during error reporting (Classloader stats), id 0xc0000005, EXCEPTION_ACCESS_VIOLATION (0xc0000005) at pc=0x00007ffe0ae845bf]
---------------  S Y S T E M  ---------------

OS:
 Windows 10 , 64 bit Build 19041 (10.0.19041.5915)
OS uptime: 0 days 17:17 hours
Hyper-V role detected

CPU: total 24 (initial active 24) (24 cores per cpu, 2 threads per core) family 23 model 8 stepping 2 microcode 0x0, cx8, cmov, fxsr, ht, mmx, 3dnowpref, sse, sse2, sse3, ssse3, sse4a, sse4.1, sse4.2, popcnt, lzcnt, tsc, tscinvbit, avx, avx2, aes, clmul, bmi1, bmi2, adx, sha, fma, vzeroupper, clflush, clflushopt, hv, rdtscp, f16c
Processor Information for the first 24 processors :
  Max Mhz: 3500, Current Mhz: 3500, Mhz Limit: 3500

Memory: 4k page, system-wide physical 32649M (13558M free)
TotalPageFile size 34909M (AvailPageFile size 7699M)
current process WorkingSet (physical memory assigned to process): 485M, peak: 2074M
current process commit charge ("private bytes"): 913M, peak: 2187M

vm_info: OpenJDK 64-Bit Server VM (21.0.8+-14196175-b1038.72) for windows-amd64 JRE (21.0.8+-14196175-b1038.72), built on 2025-10-01T10:24:33Z by "builder" with MS VC++ 16.10 / 16.11 (VS2019)

END.
